#pragma once
#include <stdint.h>
const uint8_t QRCODE[] = {
0xff, 0xd8, 0xff, 0xe0, 0x00, 0x10, 0x4a, 0x46, 0x49, 0x46, 0x00, 0x01, 0x01, 0x01, 0x00, 0x60, 
0x00, 0x60, 0x00, 0x00, 0xff, 0xe1, 0x00, 0x5a, 0x45, 0x78, 0x69, 0x66, 0x00, 0x00, 0x4d, 0x4d, 
0x00, 0x2a, 0x00, 0x00, 0x00, 0x08, 0x00, 0x05, 0x03, 0x01, 0x00, 0x05, 0x00, 0x00, 0x00, 0x01, 
0x00, 0x00, 0x00, 0x4a, 0x03, 0x03, 0x00, 0x01, 0x00, 0x00, 0x00, 0x01, 0x00, 0x00, 0x00, 0x00, 
0x51, 0x10, 0x00, 0x01, 0x00, 0x00, 0x00, 0x01, 0x01, 0x00, 0x00, 0x00, 0x51, 0x11, 0x00, 0x04, 
0x00, 0x00, 0x00, 0x01, 0x00, 0x00, 0x0e, 0xc3, 0x51, 0x12, 0x00, 0x04, 0x00, 0x00, 0x00, 0x01, 
0x00, 0x00, 0x0e, 0xc3, 0x00, 0x00, 0x00, 0x00, 0x00, 0x01, 0x86, 0xa0, 0x00, 0x00, 0xb1, 0x8f, 
0xff, 0xdb, 0x00, 0x43, 0x00, 0x02, 0x01, 0x01, 0x02, 0x01, 0x01, 0x02, 0x02, 0x02, 0x02, 0x02, 
0x02, 0x02, 0x02, 0x03, 0x05, 0x03, 0x03, 0x03, 0x03, 0x03, 0x06, 0x04, 0x04, 0x03, 0x05, 0x07, 
0x06, 0x07, 0x07, 0x07, 0x06, 0x07, 0x07, 0x08, 0x09, 0x0b, 0x09, 0x08, 0x08, 0x0a, 0x08, 0x07, 
0x07, 0x0a, 0x0d, 0x0a, 0x0a, 0x0b, 0x0c, 0x0c, 0x0c, 0x0c, 0x07, 0x09, 0x0e, 0x0f, 0x0d, 0x0c, 
0x0e, 0x0b, 0x0c, 0x0c, 0x0c, 0xff, 0xdb, 0x00, 0x43, 0x01, 0x02, 0x02, 0x02, 0x03, 0x03, 0x03, 
0x06, 0x03, 0x03, 0x06, 0x0c, 0x08, 0x07, 0x08, 0x0c, 0x0c, 0x0c, 0x0c, 0x0c, 0x0c, 0x0c, 0x0c, 
0x0c, 0x0c, 0x0c, 0x0c, 0x0c, 0x0c, 0x0c, 0x0c, 0x0c, 0x0c, 0x0c, 0x0c, 0x0c, 0x0c, 0x0c, 0x0c, 
0x0c, 0x0c, 0x0c, 0x0c, 0x0c, 0x0c, 0x0c, 0x0c, 0x0c, 0x0c, 0x0c, 0x0c, 0x0c, 0x0c, 0x0c, 0x0c, 
0x0c, 0x0c, 0x0c, 0x0c, 0x0c, 0x0c, 0x0c, 0x0c, 0x0c, 0x0c, 0xff, 0xc0, 0x00, 0x11, 0x08, 0x00, 
0xc6, 0x00, 0xc8, 0x03, 0x01, 0x22, 0x00, 0x02, 0x11, 0x01, 0x03, 0x11, 0x01, 0xff, 0xc4, 0x00, 
0x1f, 0x00, 0x00, 0x01, 0x05, 0x01, 0x01, 0x01, 0x01, 0x01, 0x01, 0x00, 0x00, 0x00, 0x00, 0x00, 
0x00, 0x00, 0x00, 0x01, 0x02, 0x03, 0x04, 0x05, 0x06, 0x07, 0x08, 0x09, 0x0a, 0x0b, 0xff, 0xc4, 
0x00, 0xb5, 0x10, 0x00, 0x02, 0x01, 0x03, 0x03, 0x02, 0x04, 0x03, 0x05, 0x05, 0x04, 0x04, 0x00, 
0x00, 0x01, 0x7d, 0x01, 0x02, 0x03, 0x00, 0x04, 0x11, 0x05, 0x12, 0x21, 0x31, 0x41, 0x06, 0x13, 
0x51, 0x61, 0x07, 0x22, 0x71, 0x14, 0x32, 0x81, 0x91, 0xa1, 0x08, 0x23, 0x42, 0xb1, 0xc1, 0x15, 
0x52, 0xd1, 0xf0, 0x24, 0x33, 0x62, 0x72, 0x82, 0x09, 0x0a, 0x16, 0x17, 0x18, 0x19, 0x1a, 0x25, 
0x26, 0x27, 0x28, 0x29, 0x2a, 0x34, 0x35, 0x36, 0x37, 0x38, 0x39, 0x3a, 0x43, 0x44, 0x45, 0x46, 
0x47, 0x48, 0x49, 0x4a, 0x53, 0x54, 0x55, 0x56, 0x57, 0x58, 0x59, 0x5a, 0x63, 0x64, 0x65, 0x66, 
0x67, 0x68, 0x69, 0x6a, 0x73, 0x74, 0x75, 0x76, 0x77, 0x78, 0x79, 0x7a, 0x83, 0x84, 0x85, 0x86, 
0x87, 0x88, 0x89, 0x8a, 0x92, 0x93, 0x94, 0x95, 0x96, 0x97, 0x98, 0x99, 0x9a, 0xa2, 0xa3, 0xa4, 
0xa5, 0xa6, 0xa7, 0xa8, 0xa9, 0xaa, 0xb2, 0xb3, 0xb4, 0xb5, 0xb6, 0xb7, 0xb8, 0xb9, 0xba, 0xc2, 
0xc3, 0xc4, 0xc5, 0xc6, 0xc7, 0xc8, 0xc9, 0xca, 0xd2, 0xd3, 0xd4, 0xd5, 0xd6, 0xd7, 0xd8, 0xd9, 
0xda, 0xe1, 0xe2, 0xe3, 0xe4, 0xe5, 0xe6, 0xe7, 0xe8, 0xe9, 0xea, 0xf1, 0xf2, 0xf3, 0xf4, 0xf5, 
0xf6, 0xf7, 0xf8, 0xf9, 0xfa, 0xff, 0xc4, 0x00, 0x1f, 0x01, 0x00, 0x03, 0x01, 0x01, 0x01, 0x01, 
0x01, 0x01, 0x01, 0x01, 0x01, 0x00, 0x00, 0x00, 0x00, 0x00, 0x00, 0x01, 0x02, 0x03, 0x04, 0x05, 
0x06, 0x07, 0x08, 0x09, 0x0a, 0x0b, 0xff, 0xc4, 0x00, 0xb5, 0x11, 0x00, 0x02, 0x01, 0x02, 0x04, 
0x04, 0x03, 0x04, 0x07, 0x05, 0x04, 0x04, 0x00, 0x01, 0x02, 0x77, 0x00, 0x01, 0x02, 0x03, 0x11, 
0x04, 0x05, 0x21, 0x31, 0x06, 0x12, 0x41, 0x51, 0x07, 0x61, 0x71, 0x13, 0x22, 0x32, 0x81, 0x08, 
0x14, 0x42, 0x91, 0xa1, 0xb1, 0xc1, 0x09, 0x23, 0x33, 0x52, 0xf0, 0x15, 0x62, 0x72, 0xd1, 0x0a, 
0x16, 0x24, 0x34, 0xe1, 0x25, 0xf1, 0x17, 0x18, 0x19, 0x1a, 0x26, 0x27, 0x28, 0x29, 0x2a, 0x35, 
0x36, 0x37, 0x38, 0x39, 0x3a, 0x43, 0x44, 0x45, 0x46, 0x47, 0x48, 0x49, 0x4a, 0x53, 0x54, 0x55, 
0x56, 0x57, 0x58, 0x59, 0x5a, 0x63, 0x64, 0x65, 0x66, 0x67, 0x68, 0x69, 0x6a, 0x73, 0x74, 0x75, 
0x76, 0x77, 0x78, 0x79, 0x7a, 0x82, 0x83, 0x84, 0x85, 0x86, 0x87, 0x88, 0x89, 0x8a, 0x92, 0x93, 
0x94, 0x95, 0x96, 0x97, 0x98, 0x99, 0x9a, 0xa2, 0xa3, 0xa4, 0xa5, 0xa6, 0xa7, 0xa8, 0xa9, 0xaa, 
0xb2, 0xb3, 0xb4, 0xb5, 0xb6, 0xb7, 0xb8, 0xb9, 0xba, 0xc2, 0xc3, 0xc4, 0xc5, 0xc6, 0xc7, 0xc8, 
0xc9, 0xca, 0xd2, 0xd3, 0xd4, 0xd5, 0xd6, 0xd7, 0xd8, 0xd9, 0xda, 0xe2, 0xe3, 0xe4, 0xe5, 0xe6, 
0xe7, 0xe8, 0xe9, 0xea, 0xf2, 0xf3, 0xf4, 0xf5, 0xf6, 0xf7, 0xf8, 0xf9, 0xfa, 0xff, 0xda, 0x00, 
0x0c, 0x03, 0x01, 0x00, 0x02, 0x11, 0x03, 0x11, 0x00, 0x3f, 0x00, 0xfa, 0x2f, 0xfe, 0x0e, 0x1c, 
0xff, 0x00, 0x82, 0xfc, 0x7c, 0x5b, 0xff, 0x00, 0x82, 0x47, 0xfe, 0xd1, 0xfe, 0x06, 0xf0, 0x77, 
0xc3, 0xcf, 0x0b, 0xfc, 0x39, 0xd7, 0xb4, 0xdf, 0x13, 0xf8, 0x68, 0xeb, 0x37, 0x32, 0xf8, 0x8a, 
0xce, 0xf6, 0x79, 0xe3, 0x97, 0xed, 0x53, 0x43, 0xb5, 0x0c, 0x17, 0x50, 0xa8, 0x4d, 0xb1, 0x83, 
0x82, 0xa4, 0xe4, 0x9e, 0x7b, 0x57, 0xe7, 0xdf, 0xfc, 0x46, 0xb7, 0xfb, 0x4e, 0x7f, 0xd1, 0x3a, 
0xf8, 0x11, 0xff, 0x00, 0x82, 0xad, 0x57, 0xff, 0x00, 0x96, 0x15, 0xbd, 0xff, 0x00, 0x07, 0xb5, 
0xff, 0x00, 0xc9, 0xf4, 0xfc, 0x23, 0xff, 0x00, 0xb1, 0x11, 0xbf, 0xf4, 0xe1, 0x73, 0x5f, 0x66, 
0xff, 0x00, 0xc1, 0x10, 0xbf, 0xe0, 0x88, 0x5f, 0xb2, 0xb7, 0xed, 0x59, 0xff, 0x00, 0x04, 0xad, 
0xf8, 0x3d, 0xf1, 0x03, 0xe2, 0x07, 0xc1, 0xed, 0x0f, 0xc4, 0x5e, 0x30, 0xf1, 0x16, 0x99, 0x71, 
0x26, 0xa3, 0xa8, 0xc9, 0x7d, 0x7b, 0x03, 0xdd, 0x34, 0x77, 0xb7, 0x10, 0xa3, 0x14, 0x8a, 0x64, 
0x40, 0x44, 0x71, 0xa0, 0xc8, 0x51, 0x9c, 0x64, 0xe4, 0x92, 0x48, 0x07, 0xc2, 0x9f, 0xf1, 0x1a, 
0xdf, 0xed, 0x39, 0xff, 0x00, 0x44, 0xeb, 0xe0, 0x47, 0xfe, 0x0a, 0xb5, 0x5f, 0xfe, 0x58, 0x51, 
0xff, 0x00, 0x11, 0xad, 0xfe, 0xd3, 0x9f, 0xf4, 0x4e, 0xbe, 0x04, 0x7f, 0xe0, 0xab, 0x55, 0xff, 
0x00, 0xe5, 0x85, 0x7e, 0xcb, 0x7f, 0xc4, 0x37, 0xbf, 0xb1, 0x2f, 0xfd, 0x10, 0x3f, 0x0f, 0xff, 
0x00, 0xe0, 0xdb, 0x53, 0xff, 0x00, 0xe4, 0x9a, 0x3f, 0xe2, 0x1b, 0xdf, 0xd8, 0x97, 0xfe, 0x88, 
0x1f, 0x87, 0xff, 0x00, 0xf0, 0x6d, 0xa9, 0xff, 0x00, 0xf2, 0x4d, 0x00, 0x7e, 0x34, 0xff, 0x00, 
0xc4, 0x6b, 0x7f, 0xb4, 0xe7, 0xfd, 0x13, 0xaf, 0x81, 0x1f, 0xf8, 0x2a, 0xd5, 0x7f, 0xf9, 0x61, 
0x47, 0xfc, 0x46, 0xb7, 0xfb, 0x4e, 0x7f, 0xd1, 0x3a, 0xf8, 0x11, 0xff, 0x00, 0x82, 0xad, 0x57, 
0xff, 0x00, 0x96, 0x15, 0xfb, 0x2d, 0xff, 0x00, 0x10, 0xde, 0xfe, 0xc4, 0xbf, 0xf4, 0x40, 0xfc, 
0x3f, 0xff, 0x00, 0x83, 0x6d, 0x4f, 0xff, 0x00, 0x92, 0x6b, 0xf9, 0xf5, 0xff, 0x00, 0x83, 0x9d, 
0xbf, 0x63, 0xbf, 0x86, 0xbf, 0xb0, 0xef, 0xfc, 0x14, 0x7a, 0xc3, 0xc1, 0x5f, 0x0a, 0x7c, 0x29, 
0x67, 0xe0, 0xef, 0x0b, 0xbf, 0x83, 0x74, 0xfd, 0x45, 0xac, 0x2d, 0xa6, 0x9a, 0x64, 0x6b, 0x89, 
0x2e, 0x2e, 0xd5, 0xe4, 0x2d, 0x2b, 0xbb, 0x64, 0x84, 0x41, 0xd7, 0x1f, 0x28, 0xa0, 0x0f, 0xea, 
0x37, 0xf6, 0x04, 0xf8, 0xfd, 0xab, 0xfe, 0xd5, 0x7f, 0xb1, 0x17, 0xc2, 0x6f, 0x89, 0x7a, 0xfd, 
0xae, 0x9b, 0x63, 0xad, 0xf8, 0xf7, 0xc2, 0x9a, 0x76, 0xbb, 0x7f, 0x6f, 0xa7, 0xa3, 0xa5, 0xac, 
0x33, 0x5c, 0x5b, 0xa4, 0xae, 0xb1, 0x2b, 0xb3, 0xb8, 0x40, 0xcc, 0x40, 0x0c, 0xcc, 0x71, 0xd4, 
0x9a, 0xfe, 0x77, 0x7f, 0xe2, 0x35, 0x6f, 0xda, 0x9f, 0xfe, 0x84, 0x1f, 0xd9, 0xff, 0x00, 0xff, 
0x00, 0x04, 0x7a, 0xbf, 0xff, 0x00, 0x2c, 0xeb, 0xf7, 0xa3, 0xfe, 0x08, 0xd1, 0xff, 0x00, 0x28, 
0x99, 0xfd, 0x9b, 0xff, 0x00, 0xec, 0x9c, 0xe8, 0x7f, 0xfa, 0x45, 0x15, 0x7c, 0x6d, 0xff, 0x00, 
0x05, 0x09, 0xff, 0x00, 0x83, 0x70, 0xff, 0x00, 0x63, 0x1f, 0x81, 0xdf, 0xb0, 0x2f, 0xc7, 0x0f, 
0x1a, 0xf8, 0x5b, 0xe0, 0xdf, 0xf6, 0x5f, 0x89, 0xfc, 0x1f, 0xf0, 0xff, 0x00, 0x5e, 0xd6, 0xf4, 
0x8b, 0xdf, 0xf8, 0x4b, 0x75, 0xc9, 0xfe, 0xc9, 0x79, 0x6d, 0xa7, 0x5c, 0x4d, 0x04, 0xbe, 0x5c, 
0x97, 0xad, 0x1b, 0xed, 0x91, 0x15, 0xb6, 0xba, 0xb2, 0x9c, 0x60, 0x82, 0x32, 0x28, 0x03, 0xf3, 
0x83, 0xfe, 0x23, 0x56, 0xfd, 0xa9, 0xff, 0x00, 0xe8, 0x41, 0xfd, 0x9f, 0xff, 0x00, 0xf0, 0x47, 
0xab, 0xff, 0x00, 0xf2, 0xce, 0x8f, 0xf8, 0x8d, 0x5b, 0xf6, 0xa7, 0xff, 0x00, 0xa1, 0x07, 0xf6, 
0x7f, 0xff, 0x00, 0xc1, 0x1e, 0xaf, 0xff, 0x00, 0xcb, 0x3a, 0xf2, 0x0f, 0xf8, 0x35, 0xfb, 0xf6, 
0x0a, 0xf8, 0x4f, 0xff, 0x00, 0x05, 0x12, 0xfd, 0xbe, 0xbc, 0x5f, 0xe0, 0xaf, 0x8c, 0x7e, 0x14, 
0xff, 0x00, 0x84, 0xc3, 0xc3, 0x1a, 0x5f, 0xc3, 0xfb, 0xcd, 0x6e, 0xd6, 0xcb, 0xfb, 0x4e, 0xf3, 
0x4f, 0xf2, 0xaf, 0x23, 0xd4, 0x74, 0xd8, 0x52, 0x5f, 0x32, 0xd6, 0x58, 0xa4, 0x38, 0x8e, 0xe2, 
0x65, 0xda, 0x58, 0xa9, 0xdf, 0x92, 0x32, 0x01, 0x1f, 0xbb, 0xdf, 0xf1, 0x0b, 0x8f, 0xec, 0x27, 
0xff, 0x00, 0x44, 0x33, 0xff, 0x00, 0x2f, 0x3f, 0x10, 0xff, 0x00, 0xf2, 0x75, 0x00, 0x7e, 0x40, 
0x7f, 0xc4, 0x6a, 0xdf, 0xb5, 0x3f, 0xfd, 0x08, 0x3f, 0xb3, 0xff, 0x00, 0xfe, 0x08, 0xf5, 0x7f, 
0xfe, 0x59, 0xd7, 0xf4, 0x5d, 0xfb, 0x11, 0x7c, 0x6b, 0xd5, 0x7f, 0x69, 0x4f, 0xd8, 0xbf, 0xe1, 
0x0f, 0xc4, 0x6d, 0x76, 0xdf, 0x4f, 0xb4, 0xd6, 0xfc, 0x7f, 0xe0, 0xad, 0x1b, 0xc4, 0x9a, 0x84, 
0x16, 0x08, 0xf1, 0xda, 0xc3, 0x71, 0x79, 0x63, 0x0d, 0xc4, 0xa9, 0x12, 0xbb, 0x3b, 0xac, 0x61, 
0xe4, 0x60, 0xa1, 0x9d, 0x88, 0x00, 0x65, 0x89, 0xe6, 0xbf, 0x91, 0x2f, 0xf8, 0x2f, 0x57, 0xec, 
0xb9, 0xe0, 0x4f, 0xd8, 0xbb, 0xfe, 0x0a, 0xc5, 0xf1, 0x5b, 0xe1, 0x9f, 0xc3, 0x4d, 0x0b, 0xfe, 
0x11, 0xaf, 0x04, 0xf8, 0x6b, 0xfb, 0x23, 0xfb, 0x37, 0x4d, 0xfb, 0x6d, 0xc5, 0xe7, 0xd9, 0xbc, 
0xfd, 0x1e, 0xc6, 0xe6, 0x5f, 0xde, 0xdc, 0x49, 0x24, 0xad, 0xba, 0x69, 0xa4, 0x6f, 0x99, 0xce, 
0x37, 0x60, 0x60, 0x00, 0x07, 0x41, 0xf0, 0x9f, 0xfe, 0x0e, 0x3c, 0xfd, 0xb3, 0xbe, 0x07, 0x7c, 
0x2c, 0xf0, 0xd7, 0x82, 0xbc, 0x2d, 0xf1, 0x93, 0xfb, 0x2f, 0xc3, 0x1e, 0x0f, 0xd2, 0xad, 0x74, 
0x4d, 0x22, 0xcb, 0xfe, 0x11, 0x2d, 0x0e, 0x7f, 0xb2, 0x59, 0xdb, 0x42, 0x90, 0xc1, 0x17, 0x99, 
0x25, 0x93, 0x48, 0xfb, 0x63, 0x45, 0x5d, 0xce, 0xcc, 0xc7, 0x19, 0x24, 0x9c, 0x9a, 0x00, 0xfe, 
0x9f, 0xbf, 0xe0, 0xb3, 0x3f, 0xb6, 0xb7, 0x8a, 0xbf, 0xe0, 0x9d, 0xbf, 0xf0, 0x4d, 0x8f, 0x89, 
0x1f, 0x18, 0xfc, 0x15, 0xa7, 0xf8, 0x7f, 0x54, 0xf1, 0x3f, 0x83, 0xff, 0x00, 0xb3, 0x3e, 0xc5, 
0x6b, 0xad, 0xc1, 0x34, 0xf6, 0x12, 0xfd, 0xa7, 0x54, 0xb3, 0xb3, 0x93, 0xcc, 0x48, 0x65, 0x8a, 
0x43, 0x88, 0xee, 0x1c, 0x8d, 0xb2, 0x2e, 0x18, 0x29, 0x39, 0x19, 0x07, 0xf0, 0x83, 0xfe, 0x23, 
0x56, 0xfd, 0xa9, 0xff, 0x00, 0xe8, 0x41, 0xfd, 0x9f, 0xff, 0x00, 0xf0, 0x47, 0xab, 0xff, 0x00, 
0xf2, 0xce, 0x8f, 0xf8, 0x25, 0xc7, 0xfc, 0x15, 0x1f, 0xe3, 0xb7, 0xfc, 0x16, 0x8f, 0xf6, 0xec, 
0xf0, 0x37, 0xec, 0xd1, 0xfb, 0x4b, 0xf8, 0xe7, 0xfe, 0x16, 0x57, 0xc1, 0x2f, 0x89, 0x5f, 0x6f, 
0xff, 0x00, 0x84, 0x8f, 0xc3, 0x9f, 0xd8, 0xba, 0x7e, 0x8d, 0xfd, 0xa3, 0xf6, 0x1d, 0x3e, 0xe7, 
0x52, 0xb5, 0xff, 0x00, 0x4a, 0xd3, 0xe0, 0xb7, 0xba, 0x8f, 0x65, 0xdd, 0x9d, 0xb4, 0x9f, 0xbb, 
0x95, 0x77, 0x79, 0x7b, 0x5b, 0x72, 0x33, 0x29, 0xf6, 0x0f, 0xf8, 0x3a, 0x07, 0xfe, 0x08, 0xcd, 
0xfb, 0x36, 0x7f, 0xc1, 0x3b, 0x7f, 0x60, 0x5f, 0x08, 0x78, 0xd7, 0xe0, 0xe7, 0xc3, 0x7f, 0xf8, 
0x43, 0xfc, 0x4f, 0xaa, 0x7c, 0x40, 0xb3, 0xd1, 0x2e, 0xaf, 0x7f, 0xe1, 0x20, 0xd5, 0x35, 0x0f, 
0x36, 0xce, 0x4d, 0x3b, 0x52, 0x99, 0xe2, 0xf2, 0xee, 0xae, 0x65, 0x8c, 0x66, 0x4b, 0x78, 0x5b, 
0x70, 0x50, 0xc3, 0x66, 0x01, 0xc1, 0x20, 0x80, 0x7e, 0x97, 0xff, 0x00, 0xc1, 0xbd, 0x3f, 0xf0, 
0x54, 0x0f, 0x1f, 0x7f, 0xc1, 0x59, 0xbf, 0x62, 0xff, 0x00, 0x13, 0xfc, 0x46, 0xf8, 0x8d, 0xa4, 
0x78, 0x3f, 0x45, 0xd6, 0xf4, 0x5f, 0x1a, 0xdd, 0x78, 0x6e, 0x08, 0x3c, 0x37, 0x6b, 0x73, 0x6d, 
0x6a, 0xf6, 0xf1, 0x58, 0xd8, 0x5c, 0x2b, 0xb2, 0xcf, 0x3c, 0xce, 0x64, 0x2f, 0x75, 0x20, 0x24, 
0x38, 0x18, 0x0b, 0xf2, 0x82, 0x09, 0x3f, 0x77, 0xd7, 0xe4, 0x0f, 0xfc, 0x19, 0x53, 0xff, 0x00, 
0x28, 0xb2, 0xf1, 0xf7, 0xfd, 0x95, 0x5d, 0x47, 0xff, 0x00, 0x4d, 0x1a, 0x3d, 0x7c, 0x7f, 0xff, 
0x00, 0x05, 0xea, 0xff, 0x00, 0x82, 0xf5, 0x7e, 0xd6, 0x3f, 0xb1, 0x77, 0xfc, 0x15, 0x8b, 0xe2, 
0xb7, 0xc3, 0x3f, 0x86, 0x9f, 0x15, 0xbf, 0xe1, 0x1a, 0xf0, 0x4f, 0x86, 0xbf, 0xb2, 0x3f, 0xb3, 
0x74, 0xdf, 0xf8, 0x46, 0x74, 0x7b, 0xcf, 0xb3, 0x79, 0xfa, 0x3d, 0x8d, 0xcc, 0xbf, 0xbd, 0xb8, 
0xb4, 0x92, 0x56, 0xdd, 0x34, 0xd2, 0x37, 0xcc, 0xe7, 0x1b, 0xb0, 0x30, 0x00, 0x00, 0x03, 0xfa, 
0x3e, 0xa2, 0xbe, 0x40, 0xff, 0x00, 0x86, 0xa3, 0xf1, 0xdf, 0xfc, 0x38, 0x2f, 0xfe, 0x17, 0x5f, 
0xf6, 0xef, 0xfc, 0x5c, 0xdf, 0xf8, 0x67, 0xff, 0x00, 0xf8, 0x4d, 0xbf, 0xb6, 0x7e, 0xc5, 0x6f, 
0xff, 0x00, 0x21, 0x8f, 0xf8, 0x47, 0x3e, 0xdb, 0xf6, 0xaf, 0x23, 0xcb, 0xf2, 0x3f, 0xe3, 0xe3, 
0xe7, 0xf2, 0xfc, 0xbf, 0x2f, 0xb6, 0xcd, 0xbc, 0x57, 0xe4, 0x07, 0xfc, 0x10, 0x57, 0xfe, 0x0b, 
0xd5, 0xfb, 0x58, 0xfe, 0xda, 0x3f, 0xf0, 0x56, 0x2f, 0x85, 0x3f, 0x0c, 0xfe, 0x25, 0xfc, 0x56, 
0xff, 0x00, 0x84, 0x97, 0xc1, 0x3e, 0x25, 0xfe, 0xd7, 0xfe, 0xd2, 0xd3, 0x7f, 0xe1, 0x19, 0xd1, 
0xec, 0xfe, 0xd3, 0xe4, 0x68, 0xf7, 0xd7, 0x31, 0x7e, 0xf6, 0xde, 0xd2, 0x39, 0x57, 0x6c, 0xd0, 
0xc6, 0xdf, 0x2b, 0x8c, 0xed, 0xc1, 0xc8, 0x24, 0x10, 0x0f, 0xd4, 0x0f, 0xf8, 0x38, 0x67, 0xfe, 
0x0a, 0xb7, 0xe3, 0xff, 0x00, 0xf8, 0x24, 0x8f, 0xec, 0xc5, 0xe0, 0xaf, 0x1b, 0x7c, 0x3d, 0xd0, 
0xfc, 0x1f, 0xae, 0xea, 0x7e, 0x24, 0xf1, 0x42, 0xe8, 0x97, 0x30, 0xf8, 0x8a, 0xda, 0xe6, 0x78, 
0x23, 0x84, 0xda, 0x5c, 0x4d, 0xb9, 0x04, 0x13, 0xc2, 0xc1, 0xf7, 0x44, 0xa3, 0x25, 0x88, 0xc1, 
0x3c, 0x77, 0x1f, 0x91, 0x1f, 0xf1, 0x1a, 0xdf, 0xed, 0x39, 0xff, 0x00, 0x44, 0xeb, 0xe0, 0x47, 
0xfe, 0x0a, 0xb5, 0x5f, 0xfe, 0x58, 0x57, 0xdb, 0x3f, 0xf0, 0x7b, 0x3f, 0xfc, 0x98, 0x07, 0xc2, 
0x9f, 0xfb, 0x28, 0x2b, 0xff, 0x00, 0xa6, 0xdb, 0xca, 0xf9, 0xe7, 0xfe, 0x0d, 0x57, 0xff, 0x00, 
0x82, 0x55, 0x7e, 0xcf, 0xdf, 0xb7, 0xc7, 0xec, 0x73, 0xf1, 0x0f, 0xc4, 0x5f, 0x17, 0x7e, 0x1a, 
0xe9, 0x7e, 0x35, 0xd6, 0xb4, 0x5f, 0x19, 0x36, 0x9d, 0x65, 0x75, 0x73, 0x79, 0x77, 0x03, 0xc1, 
0x6f, 0xf6, 0x1b, 0x69, 0x3c, 0xb0, 0x21, 0x95, 0x01, 0x1b, 0xdd, 0x8f, 0x20, 0x9f, 0x98, 0xd0, 
0x07, 0x96, 0x7f, 0xc4, 0x6b, 0x7f, 0xb4, 0xe7, 0xfd, 0x13, 0xaf, 0x81, 0x1f, 0xf8, 0x2a, 0xd5, 
0x7f, 0xf9, 0x61, 0x47, 0xfc, 0x46, 0xb7, 0xfb, 0x4e, 0x7f, 0xd1, 0x3a, 0xf8, 0x11, 0xff, 0x00, 
0x82, 0xad, 0x57, 0xff, 0x00, 0x96, 0x15, 0xfb, 0x2d, 0xff, 0x00, 0x10, 0xde, 0xfe, 0xc4, 0xbf, 
0xf4, 0x40, 0xfc, 0x3f, 0xff, 0x00, 0x83, 0x6d, 0x4f, 0xff, 0x00, 0x92, 0x68, 0xff, 0x00, 0x88, 
0x6f, 0x7f, 0x62, 0x5f, 0xfa, 0x20, 0x7e, 0x1f, 0xff, 0x00, 0xc1, 0xb6, 0xa7, 0xff, 0x00, 0xc9, 
0x34, 0x01, 0xf8, 0xd3, 0xff, 0x00, 0x11, 0xad, 0xfe, 0xd3, 0x9f, 0xf4, 0x4e, 0xbe, 0x04, 0x7f, 
0xe0, 0xab, 0x55, 0xff, 0x00, 0xe5, 0x85, 0x1f, 0xf1, 0x1a, 0xdf, 0xed, 0x39, 0xff, 0x00, 0x44, 
0xeb, 0xe0, 0x47, 0xfe, 0x0a, 0xb5, 0x5f, 0xfe, 0x58, 0x57, 0xec, 0xb7, 0xfc, 0x43, 0x7b, 0xfb, 
0x12, 0xff, 0x00, 0xd1, 0x03, 0xf0, 0xff, 0x00, 0xfe, 0x0d, 0xb5, 0x3f, 0xfe, 0x49, 0xaf, 0xc8, 
0xcf, 0xf8, 0x3b, 0x0f, 0xfe, 0x09, 0xa7, 0xf0, 0x37, 0xfe, 0x09, 0xf9, 0xf0, 0xdb, 0xe0, 0xb4, 
0xff, 0x00, 0x07, 0xbe, 0x1e, 0x69, 0x7e, 0x08, 0x9f, 0xc5, 0x5a, 0x9e, 0xab, 0x1e, 0xa9, 0x25, 
0xb5, 0xcd, 0xcd, 0xc3, 0xdd, 0xac, 0x11, 0x5b, 0x18, 0x94, 0x99, 0xa4, 0x72, 0xa1, 0x4c, 0xb2, 
0x1c, 0x2e, 0x33, 0x91, 0x9c, 0xe0, 0x60, 0x03, 0xf5, 0xd7, 0xfe, 0x08, 0x0f, 0xff, 0x00, 0x05, 
0x2e, 0xf1, 0xbf, 0xfc, 0x15, 0x63, 0xf6, 0x22, 0xd4, 0xbe, 0x25, 0xf8, 0xfb, 0x47, 0xf0, 0xae, 
0x87, 0xad, 0xd9, 0xf8, 0xae, 0xf3, 0x42, 0x4b, 0x7f, 0x0f, 0xc1, 0x71, 0x0d, 0xa9, 0x86, 0x1b, 
0x7b, 0x59, 0x55, 0x8a, 0xcd, 0x34, 0xaf, 0xbc, 0x99, 0xd8, 0x13, 0xbb, 0x18, 0x03, 0x81, 0xce, 
0x4a, 0xf9, 0xd7, 0xfe, 0x0c, 0xce, 0xff, 0x00, 0x94, 0x4c, 0x6b, 0xdf, 0xf6, 0x51, 0x75, 0x3f, 
0xfd, 0x22, 0xd3, 0xe8, 0xa0, 0x0f, 0x83, 0xff, 0x00, 0xe0, 0xf6, 0xbf, 0xf9, 0x3e, 0x9f, 0x84, 
0x7f, 0xf6, 0x22, 0x37, 0xfe, 0x9c, 0x2e, 0x6b, 0xf5, 0xe3, 0xfe, 0x0d, 0xbd, 0xff, 0x00, 0x94, 
0x25, 0x7c, 0x03, 0xff, 0x00, 0xb0, 0x55, 0xef, 0xfe, 0x9c, 0xee, 0xeb, 0xf2, 0x1f, 0xfe, 0x0f, 
0x6b, 0xff, 0x00, 0x93, 0xe9, 0xf8, 0x47, 0xff, 0x00, 0x62, 0x23, 0x7f, 0xe9, 0xc2, 0xe6, 0xbf, 
0x5e, 0x3f, 0xe0, 0xdb, 0xdf, 0xf9, 0x42, 0x57, 0xc0, 0x3f, 0xfb, 0x05, 0x5e, 0xff, 0x00, 0xe9, 
0xce, 0xee, 0x80, 0x3f, 0x92, 0x8f, 0x8b, 0x7f, 0x16, 0xfc, 0x57, 0xa6, 0xfc, 0x56, 0xf1, 0x3d, 
0xb5, 0xb7, 0x89, 0xfc, 0x43, 0x6f, 0x6f, 0x6f, 0xab, 0x5d, 0x47, 0x14, 0x51, 0xea, 0x33, 0x22, 
0x46, 0xa2, 0x67, 0x01, 0x54, 0x06, 0xc0, 0x00, 0x0c, 0x00, 0x2b, 0x9e, 0xff, 0x00, 0x85, 0xd1, 
0xe3, 0x1f, 0xfa, 0x1b, 0x3c, 0x4d, 0xff, 0x00, 0x83, 0x49, 0xff, 0x00, 0xf8, 0xaa, 0x3e, 0x34, 
0x7f, 0xc9, 0x62, 0xf1, 0x67, 0xfd, 0x86, 0x6f, 0x3f, 0xf4, 0x7b, 0xd7, 0x35, 0x40, 0x1f, 0xd0, 
0x07, 0xfc, 0x19, 0x1d, 0xe3, 0x4d, 0x67, 0xc5, 0xfe, 0x2b, 0xfd, 0xa3, 0xff, 0x00, 0xb5, 0xb5, 
0x6d, 0x4f, 0x54, 0xfb, 0x3d, 0xa7, 0x87, 0x7c, 0xaf, 0xb5, 0xdd, 0x3c, 0xfe, 0x56, 0xe7, 0xd4, 
0xf7, 0x6d, 0xdc, 0x4e, 0x33, 0x81, 0x9c, 0x75, 0xc0, 0xaf, 0x97, 0x7f, 0xe0, 0xf2, 0x4f, 0xf9, 
0x4b, 0x86, 0x9b, 0xff, 0x00, 0x64, 0xff, 0x00, 0x4b, 0xff, 0x00, 0xd2, 0x9b, 0xea, 0xfa, 0x3f, 
0xfe, 0x0c, 0x6c, 0xff, 0x00, 0x91, 0xaf, 0xf6, 0x95, 0xff, 0x00, 0xaf, 0x4f, 0x0d, 0xff, 0x00, 
0xe8, 0x7a, 0xa5, 0x7c, 0xe1, 0xff, 0x00, 0x07, 0x92, 0x7f, 0xca, 0x5c, 0x34, 0xdf, 0xfb, 0x27, 
0xfa, 0x5f, 0xfe, 0x94, 0xdf, 0x50, 0x07, 0xf4, 0x11, 0xff, 0x00, 0x04, 0x68, 0xff, 0x00, 0x94, 
0x4c, 0xfe, 0xcd, 0xff, 0x00, 0xf6, 0x4e, 0x74, 0x3f, 0xfd, 0x22, 0x8a, 0xbf, 0x8a, 0x9f, 0x09, 
0xf8, 0x4f, 0x55, 0xf1, 0xef, 0x8a, 0xb4, 0xcd, 0x0b, 0x42, 0xd3, 0x35, 0x0d, 0x6b, 0x5b, 0xd6, 
0xae, 0xe2, 0xb0, 0xd3, 0xf4, 0xfb, 0x0b, 0x77, 0xb9, 0xba, 0xbf, 0xb8, 0x95, 0xc2, 0x45, 0x0c, 
0x51, 0x20, 0x2f, 0x24, 0x8e, 0xec, 0xaa, 0xa8, 0xa0, 0x96, 0x24, 0x00, 0x09, 0x35, 0xfd, 0xab, 
0x7f, 0xc1, 0x1a, 0x3f, 0xe5, 0x13, 0x3f, 0xb3, 0x7f, 0xfd, 0x93, 0x9d, 0x0f, 0xff, 0x00, 0x48, 
0xa2, 0xaf, 0xe4, 0x63, 0xfe, 0x09, 0x3b, 0xff, 0x00, 0x29, 0x4d, 0xfd, 0x9a, 0x7f, 0xec, 0xaa, 
0xf8, 0x5f, 0xff, 0x00, 0x4e, 0xf6, 0xb4, 0x01, 0xfa, 0x9f, 0xff, 0x00, 0x06, 0x8a, 0x7e, 0xc4, 
0x5f, 0x1a, 0x3f, 0x66, 0xbf, 0xf8, 0x29, 0x27, 0x8d, 0xb5, 0xdf, 0x88, 0xdf, 0x08, 0x7e, 0x28, 
0x78, 0x03, 0x44, 0xbb, 0xf8, 0x6b, 0x7f, 0x61, 0x06, 0xa1, 0xe2, 0x4f, 0x0a, 0xdf, 0x69, 0x56, 
0xb3, 0x5c, 0x36, 0xa9, 0xa5, 0x3a, 0xc2, 0xb2, 0xcf, 0x12, 0x23, 0x48, 0x52, 0x39, 0x18, 0x20, 
0x39, 0x22, 0x36, 0x38, 0xc2, 0x9a, 0xf7, 0x0f, 0xf8, 0x3c, 0xa7, 0xf6, 0x4e, 0xf8, 0xa7, 0xfb, 
0x50, 0x7f, 0xc3, 0x38, 0xff, 0x00, 0xc2, 0xb3, 0xf8, 0x69, 0xf1, 0x03, 0xe2, 0x27, 0xf6, 0x1f, 
0xfc, 0x24, 0xdf, 0xda, 0x5f, 0xf0, 0x8c, 0x78, 0x7a, 0xf3, 0x57, 0xfe, 0xcf, 0xf3, 0x7f, 0xb2, 
0x3c, 0xaf, 0x3b, 0xec, 0xf1, 0xbf, 0x97, 0xbf, 0xca, 0x93, 0x6e, 0xec, 0x6e, 0xf2, 0xdf, 0x19, 
0xda, 0x71, 0xfa, 0xbd, 0xfb, 0x6b, 0x7e, 0xde, 0xbf, 0x09, 0xff, 0x00, 0xe0, 0x9d, 0xbf, 0x0b, 
0x34, 0xff, 0x00, 0x1a, 0xfc, 0x63, 0xf1, 0x5f, 0xfc, 0x21, 0xfe, 0x18, 0xd5, 0x35, 0x58, 0xf4, 
0x4b, 0x5b, 0xdf, 0xec, 0xcb, 0xcd, 0x43, 0xcd, 0xbc, 0x92, 0x19, 0xa6, 0x48, 0xbc, 0xbb, 0x58, 
0xa5, 0x90, 0x66, 0x3b, 0x79, 0x9b, 0x71, 0x50, 0xa3, 0x66, 0x09, 0xc9, 0x00, 0xfc, 0xc1, 0xff, 
0x00, 0x11, 0x47, 0x7e, 0xc2, 0x7f, 0xf4, 0x5c, 0xff, 0x00, 0xf2, 0xcc, 0xf1, 0x0f, 0xff, 0x00, 
0x20, 0xd0, 0x07, 0x41, 0xff, 0x00, 0x06, 0xe1, 0xfc, 0x27, 0xf1, 0x57, 0xc0, 0xef, 0xf8, 0x23, 
0x1f, 0xc1, 0xbf, 0x0b, 0x78, 0xd7, 0xc3, 0x3e, 0x20, 0xf0, 0x7f, 0x89, 0xf4, 0xbf, 0xed, 0xbf, 
0xb6, 0xe9, 0x1a, 0xde, 0x9d, 0x36, 0x9f, 0x7f, 0x69, 0xe6, 0x6b, 0x9a, 0x84, 0xb1, 0xf9, 0x90, 
0x4c, 0xab, 0x22, 0x6e, 0x8d, 0xd1, 0xc6, 0xe0, 0x32, 0xae, 0xa4, 0x70, 0x41, 0xaf, 0xe7, 0x47, 
0xfe, 0x0a, 0x6d, 0xff, 0x00, 0x04, 0xc9, 0xfd, 0xa4, 0xbc, 0x7b, 0xff, 0x00, 0x05, 0x24, 0xfd, 
0xa0, 0xf5, 0xdd, 0x0b, 0xf6, 0x7c, 0xf8, 0xe1, 0xad, 0x68, 0x9a, 0xd7, 0xc4, 0xaf, 0x11, 0xdf, 
0xe9, 0xfa, 0x85, 0x87, 0x81, 0x75, 0x4b, 0x9b, 0x5b, 0xfb, 0x79, 0x75, 0x4b, 0x97, 0x8a, 0x68, 
0xa5, 0x48, 0x0a, 0x49, 0x1b, 0xa3, 0x2b, 0x2b, 0xa9, 0x21, 0x81, 0x04, 0x12, 0x0d, 0x7f, 0x41, 
0xdf, 0xf1, 0x14, 0x77, 0xec, 0x27, 0xff, 0x00, 0x45, 0xcf, 0xff, 0x00, 0x2c, 0xcf, 0x10, 0xff, 
0x00, 0xf2, 0x0d, 0x7d, 0xbf, 0xf0, 0x9f, 0xe2, 0x96, 0x85, 0xf1, 0xc7, 0xe1, 0x67, 0x86, 0xbc, 
0x6b, 0xe1, 0x6b, 0xef, 0xed, 0x4f, 0x0c, 0x78, 0xc3, 0x4a, 0xb5, 0xd6, 0xf4, 0x8b, 0xdf, 0x26, 
0x48, 0x3e, 0xd7, 0x67, 0x73, 0x0a, 0x4d, 0x04, 0xbe, 0x5c, 0x8a, 0xb2, 0x26, 0xe8, 0xdd, 0x5b, 
0x6b, 0xaa, 0xb0, 0xce, 0x08, 0x07, 0x22, 0x80, 0x3f, 0x82, 0x3a, 0x2b, 0xeb, 0xff, 0x00, 0xda, 
0x8f, 0xfe, 0x08, 0x2b, 0xfb, 0x58, 0xfe, 0xc5, 0xdf, 0x02, 0x75, 0xdf, 0x89, 0x9f, 0x12, 0xfe, 
0x14, 0xff, 0x00, 0xc2, 0x35, 0xe0, 0x9f, 0x0d, 0x7d, 0x9f, 0xfb, 0x4b, 0x52, 0xff, 0x00, 0x84, 
0x9b, 0x47, 0xbc, 0xfb, 0x37, 0x9f, 0x71, 0x15, 0xb4, 0x5f, 0xba, 0xb7, 0xbb, 0x92, 0x56, 0xdd, 
0x34, 0xd1, 0xaf, 0xca, 0x87, 0x1b, 0xb2, 0x70, 0x01, 0x23, 0xc8, 0x3f, 0x62, 0x9f, 0xd8, 0x2b, 
0xe2, 0xc7, 0xfc, 0x14, 0x4b, 0xe2, 0x9e, 0xa1, 0xe0, 0xaf, 0x83, 0x9e, 0x14, 0xff, 0x00, 0x84, 
0xc3, 0xc4, 0xfa, 0x5e, 0x95, 0x26, 0xb7, 0x75, 0x65, 0xfd, 0xa7, 0x67, 0xa7, 0xf9, 0x56, 0x71, 
0xcd, 0x0c, 0x2f, 0x2f, 0x99, 0x75, 0x2c, 0x51, 0x9c, 0x49, 0x71, 0x0a, 0xed, 0x0c, 0x58, 0xef, 
0xc8, 0x18, 0x04, 0x80, 0x0c, 0xff, 0x00, 0x82, 0x9f, 0xb1, 0x17, 0xc6, 0x8f, 0xda, 0x53, 0xc2, 
0xb7, 0x1a, 0xef, 0xc3, 0x9f, 0x84, 0x3f, 0x14, 0x3c, 0x7f, 0xa2, 0x5a, 0x5d, 0xb5, 0x84, 0xfa, 
0x87, 0x86, 0xfc, 0x2b, 0x7d, 0xaa, 0xda, 0xc3, 0x70, 0xa8, 0x8e, 0xd0, 0xb4, 0xb0, 0x44, 0xe8, 
0xb2, 0x04, 0x92, 0x36, 0x28, 0x4e, 0x40, 0x91, 0x4e, 0x30, 0xc2, 0xbf, 0xac, 0xdf, 0xf8, 0x37, 
0x0f, 0xe1, 0x3f, 0x8a, 0xbe, 0x07, 0x7f, 0xc1, 0x18, 0xfe, 0x0d, 0xf8, 0x5b, 0xc6, 0xbe, 0x19, 
0xf1, 0x07, 0x83, 0xfc, 0x4f, 0xa5, 0xff, 0x00, 0x6d, 0xfd, 0xb7, 0x48, 0xd6, 0xf4, 0xe9, 0xb4, 
0xfb, 0xfb, 0x4f, 0x33, 0x5c, 0xd4, 0x25, 0x8f, 0xcc, 0x82, 0x65, 0x59, 0x13, 0x74, 0x6e, 0x8e, 
0x37, 0x01, 0x95, 0x75, 0x23, 0x82, 0x0d, 0x7c, 0x41, 0xff, 0x00, 0x04, 0x54, 0xfd, 0xa8, 0xfc, 
0x09, 0xff, 0x00, 0x06, 0xee, 0x7e, 0xcb, 0x1a, 0xff, 0x00, 0xc1, 0x4f, 0xdb, 0x17, 0x5d, 0xff, 
0x00, 0x85, 0x3f, 0xf1, 0x37, 0xc5, 0x1e, 0x2b, 0xb8, 0xf1, 0xb6, 0x99, 0xa3, 0x7d, 0x8a, 0xe3, 
0xc4, 0x1f, 0x69, 0xd1, 0xee, 0x2c, 0xec, 0xec, 0xa2, 0xba, 0xf3, 0xf4, 0xb8, 0xee, 0xa0, 0x5d, 
0xd7, 0x1a, 0x7d, 0xda, 0x79, 0x6d, 0x20, 0x90, 0x79, 0x59, 0x28, 0x15, 0x90, 0xb7, 0xd7, 0xff, 
0x00, 0xf1, 0x14, 0x77, 0xec, 0x27, 0xff, 0x00, 0x45, 0xcf, 0xff, 0x00, 0x2c, 0xcf, 0x10, 0xff, 
0x00, 0xf2, 0x0d, 0x00, 0x7d, 0x01, 0xff, 0x00, 0x05, 0x62, 0xff, 0x00, 0x94, 0x59, 0x7e, 0xd2, 
0xdf, 0xf6, 0x4a, 0xbc, 0x51, 0xff, 0x00, 0xa6, 0x8b, 0xaa, 0xfe, 0x60, 0x7f, 0xe0, 0xd7, 0x1f, 
0xf9, 0x4e, 0xbf, 0xc0, 0xcf, 0xfb, 0x8f, 0xff, 0x00, 0xea, 0x3d, 0xa9, 0xd7, 0xec, 0xf7, 0xfc, 
0x14, 0x27, 0xfe, 0x0e, 0x3c, 0xfd, 0x8c, 0x7e, 0x38, 0xfe, 0xc0, 0xbf, 0x1c, 0x3c, 0x15, 0xe1, 
0x6f, 0x8c, 0x9f, 0xda, 0x9e, 0x27, 0xf1, 0x87, 0xc3, 0xfd, 0x7b, 0x44, 0xd2, 0x2c, 0xbf, 0xe1, 
0x12, 0xd7, 0x20, 0xfb, 0x5d, 0xe5, 0xce, 0x9d, 0x71, 0x0c, 0x11, 0x79, 0x92, 0x59, 0x2c, 0x69, 
0xba, 0x47, 0x55, 0xdc, 0xec, 0xaa, 0x33, 0x92, 0x40, 0xc9, 0xaf, 0xc6, 0x1f, 0xf8, 0x35, 0xc7, 
0xfe, 0x53, 0xaf, 0xf0, 0x33, 0xfe, 0xe3, 0xff, 0x00, 0xfa, 0x8f, 0x6a, 0x74, 0x01, 0xfa, 0xc3, 
0xff, 0x00, 0x07, 0xb3, 0xff, 0x00, 0xc9, 0x80, 0x7c, 0x29, 0xff, 0x00, 0xb2, 0x82, 0xbf, 0xfa, 
0x6d, 0xbc, 0xa6, 0xff, 0x00, 0xc1, 0x92, 0xff, 0x00, 0xf2, 0x60, 0xbf, 0x15, 0xff, 0x00, 0xec, 
0xa0, 0x37, 0xfe, 0x9b, 0xac, 0xe9, 0xdf, 0xf0, 0x7b, 0x3f, 0xfc, 0x98, 0x07, 0xc2, 0x9f, 0xfb, 
0x28, 0x2b, 0xff, 0x00, 0xa6, 0xdb, 0xca, 0x6f, 0xfc, 0x19, 0x2f, 0xff, 0x00, 0x26, 0x0b, 0xf1, 
0x5f, 0xfe, 0xca, 0x03, 0x7f, 0xe9, 0xba, 0xce, 0x80, 0x3f, 0x27, 0x7f, 0xe0, 0xe2, 0xdf, 0x89, 
0xde, 0x25, 0xf0, 0xf7, 0xfc, 0x16, 0x93, 0xe3, 0xbd, 0x9e, 0x9f, 0xe2, 0x1d, 0x72, 0xc6, 0xd2, 
0x1d, 0x56, 0xcf, 0xcb, 0x82, 0xde, 0xfe, 0x58, 0xa3, 0x4c, 0xe9, 0xb6, 0x84, 0xe1, 0x55, 0x80, 
0x19, 0x24, 0x9f, 0xa9, 0x35, 0xf1, 0x47, 0xfc, 0x2e, 0x8f, 0x18, 0xff, 0x00, 0xd0, 0xd9, 0xe2, 
0x6f, 0xfc, 0x1a, 0x4f, 0xff, 0x00, 0xc5, 0x57, 0xd7, 0x7f, 0xf0, 0x72, 0x2f, 0xfc, 0xa6, 0xdb, 
0xe3, 0xdf, 0xfd, 0x85, 0x6c, 0xbf, 0xf4, 0xd9, 0x67, 0x5f, 0x0f, 0xd0, 0x07, 0xea, 0x57, 0xfc, 
0x1a, 0x7f, 0xf1, 0x07, 0x5f, 0xf1, 0x67, 0xfc, 0x16, 0x4f, 0xc2, 0x56, 0xda, 0xae, 0xb9, 0xab, 
0xea, 0x56, 0xe9, 0xe1, 0xfd, 0x62, 0x45, 0x8a, 0xea, 0xf2, 0x49, 0x91, 0x58, 0x5a, 0x30, 0x0c, 
0x03, 0x12, 0x33, 0x82, 0x46, 0x7d, 0xcd, 0x7d, 0xa9, 0xff, 0x00, 0x07, 0xc5, 0xff, 0x00, 0xc9, 
0x2b, 0xfd, 0x9d, 0xbf, 0xec, 0x2b, 0xae, 0x7f, 0xe8, 0x9b, 0x1a, 0xf8, 0x53, 0xfe, 0x0d, 0x20, 
0xff, 0x00, 0x94, 0xcf, 0xf8, 0x53, 0xfe, 0xc5, 0xcd, 0x67, 0xff, 0x00, 0x49, 0x4d, 0x7d, 0xd7, 
0xff, 0x00, 0x07, 0xc5, 0xff, 0x00, 0xc9, 0x2b, 0xfd, 0x9d, 0xbf, 0xec, 0x2b, 0xae, 0x7f, 0xe8, 
0x9b, 0x1a, 0x00, 0xf7, 0x7f, 0xf8, 0x33, 0x3b, 0xfe, 0x51, 0x31, 0xaf, 0x7f, 0xd9, 0x45, 0xd4, 
0xff, 0x00, 0xf4, 0x8b, 0x4f, 0xa2, 0x8f, 0xf8, 0x33, 0x3b, 0xfe, 0x51, 0x31, 0xaf, 0x7f, 0xd9, 
0x45, 0xd4, 0xff, 0x00, 0xf4, 0x8b, 0x4f, 0xa2, 0x80, 0x3e, 0x0f, 0xff, 0x00, 0x83, 0xda, 0xff, 
0x00, 0xe4, 0xfa, 0x7e, 0x11, 0xff, 0x00, 0xd8, 0x88, 0xdf, 0xfa, 0x70, 0xb9, 0xaf, 0xd7, 0x8f, 
0xf8, 0x36, 0xf7, 0xfe, 0x50, 0x95, 0xf0, 0x0f, 0xfe, 0xc1, 0x57, 0xbf, 0xfa, 0x73, 0xbb, 0xaf, 
0xc8, 0x7f, 0xf8, 0x3d, 0xaf, 0xfe, 0x4f, 0xa7, 0xe1, 0x1f, 0xfd, 0x88, 0x8d, 0xff, 0x00, 0xa7, 
0x0b, 0x9a, 0xf9, 0xb7, 0xf6, 0x3b, 0xff, 0x00, 0x83, 0x9d, 0xbf, 0x68, 0xff, 0x00, 0xd8, 0x77, 
0xf6, 0x6a, 0xf0, 0xa7, 0xc2, 0x9f, 0x05, 0x58, 0x7c, 0x33, 0x7f, 0x0b, 0xf8, 0x3a, 0xde, 0x4b, 
0x6b, 0x06, 0xd4, 0x74, 0x5b, 0x89, 0xee, 0x99, 0x5e, 0x69, 0x26, 0x62, 0xee, 0xb7, 0x0a, 0x18, 
0xef, 0x91, 0xba, 0x28, 0xe3, 0x14, 0x01, 0xf7, 0x6f, 0x8d, 0x3f, 0xe0, 0xc8, 0xed, 0x5b, 0xc5, 
0xfe, 0x31, 0xd5, 0xb5, 0x6f, 0xf8, 0x68, 0xfd, 0x3a, 0xdf, 0xfb, 0x52, 0xf6, 0x6b, 0xbf, 0x2b, 
0xfe, 0x10, 0x67, 0x7f, 0x2b, 0xcc, 0x72, 0xfb, 0x73, 0xf6, 0xf1, 0x9c, 0x67, 0x19, 0xc0, 0xcf, 
0xa5, 0x66, 0x7f, 0xc4, 0x0d, 0x9a, 0xb7, 0xfd, 0x1c, 0xae, 0x9d, 0xff, 0x00, 0x84, 0x23, 0xff, 
0x00, 0xf2, 0x7d, 0x7c, 0xe1, 0xff, 0x00, 0x11, 0x92, 0x7e, 0xd7, 0x1f, 0xf4, 0x0d, 0xf8, 0x3f, 
0xff, 0x00, 0x84, 0xed, 0xcf, 0xff, 0x00, 0x25, 0xd1, 0xff, 0x00, 0x11, 0x92, 0x7e, 0xd7, 0x1f, 
0xf4, 0x0d, 0xf8, 0x3f, 0xff, 0x00, 0x84, 0xed, 0xcf, 0xff, 0x00, 0x25, 0xd0, 0x07, 0xec, 0x67, 
0xfc, 0x10, 0xa3, 0xfe, 0x08, 0x51, 0x7d, 0xff, 0x00, 0x04, 0x64, 0xd6, 0xfe, 0x26, 0x5c, 0xdc, 
0xfc, 0x4c, 0xb5, 0xf8, 0x87, 0x1f, 0xc4, 0x38, 0x34, 0xd8, 0x80, 0x8b, 0x42, 0x6d, 0x2c, 0xd8, 
0x1b, 0x36, 0xb9, 0x3d, 0xe7, 0x9b, 0xcc, 0x0f, 0xf6, 0x93, 0xfd, 0xdd, 0xbb, 0x3b, 0xee, 0xe3, 
0xf1, 0xcf, 0xfe, 0x0f, 0x24, 0xff, 0x00, 0x94, 0xb8, 0x69, 0xbf, 0xf6, 0x4f, 0xf4, 0xbf, 0xfd, 
0x29, 0xbe, 0xa3, 0xfe, 0x23, 0x24, 0xfd, 0xae, 0x3f, 0xe8, 0x1b, 0xf0, 0x7f, 0xff, 0x00, 0x09, 
0xdb, 0x9f, 0xfe, 0x4b, 0xaf, 0x87, 0x3f, 0xe0, 0xa3, 0x3f, 0xf0, 0x51, 0x9f, 0x1f, 0x7f, 0xc1, 
0x50, 0x3e, 0x3d, 0xda, 0xfc, 0x47, 0xf8, 0x8f, 0x6b, 0xe1, 0xbb, 0x5f, 0x11, 0x5a, 0xe8, 0xf0, 
0x68, 0x80, 0x68, 0x96, 0x92, 0x5a, 0xdb, 0xc9, 0x0c, 0x52, 0x4d, 0x22, 0x33, 0x23, 0xc9, 0x21, 
0xdf, 0x99, 0x98, 0x12, 0x08, 0x18, 0x55, 0xe3, 0x39, 0x24, 0x03, 0xfa, 0xeb, 0xff, 0x00, 0x82, 
0x34, 0x7f, 0xca, 0x26, 0x7f, 0x66, 0xff, 0x00, 0xfb, 0x27, 0x3a, 0x1f, 0xfe, 0x91, 0x45, 0x5f, 
0x9a, 0xff, 0x00, 0xb2, 0x77, 0xfc, 0x19, 0xad, 0xff, 0x00, 0x0c, 0xbf, 0xfb, 0x53, 0xfc, 0x34, 
0xf8, 0x99, 0xff, 0x00, 0x0d, 0x1d, 0xfd, 0xb9, 0xff, 0x00, 0x0a, 0xef, 0xc5, 0x7a, 0x5f, 0x89, 
0xff, 0x00, 0xb3, 0x7f, 0xe1, 0x00, 0xfb, 0x37, 0xf6, 0x87, 0xd8, 0xaf, 0x22, 0xb9, 0xf2, 0x3c, 
0xdf, 0xed, 0x27, 0xf2, 0xf7, 0xf9, 0x5b, 0x77, 0xec, 0x6d, 0xbb, 0xb3, 0xb5, 0xb1, 0x83, 0xfa, 
0x51, 0xff, 0x00, 0x04, 0x68, 0xff, 0x00, 0x94, 0x4c, 0xfe, 0xcd, 0xff, 0x00, 0xf6, 0x4e, 0x74, 
0x3f, 0xfd, 0x22, 0x8a, 0xbf, 0x19, 0xff, 0x00, 0x62, 0x2f, 0xf8, 0x3b, 0xaf, 0xf6, 0x92, 0xfd, 
0xa5, 0x3f, 0x6d, 0x0f, 0x84, 0x3f, 0x0e, 0x75, 0xdf, 0x04, 0xfc, 0x0f, 0xb4, 0xd1, 0x3c, 0x7f, 
0xe3, 0x5d, 0x1b, 0xc3, 0x7a, 0x84, 0xf6, 0x1a, 0x3e, 0xa9, 0x1d, 0xd4, 0x36, 0xf7, 0x97, 0xd0, 
0xdb, 0xca, 0xf1, 0x33, 0xea, 0x2e, 0x8b, 0x20, 0x49, 0x18, 0xa9, 0x64, 0x60, 0x08, 0x19, 0x52, 
0x38, 0xa0, 0x0f, 0xac, 0x3f, 0xe0, 0xf5, 0x6f, 0xf9, 0x45, 0x97, 0x80, 0x7f, 0xec, 0xaa, 0xe9, 
0xdf, 0xfa, 0x68, 0xd6, 0x2b, 0xf2, 0x03, 0xfe, 0x08, 0x63, 0xff, 0x00, 0x04, 0x31, 0xff, 0x00, 
0x87, 0xd1, 0xff, 0x00, 0xc2, 0xd1, 0xff, 0x00, 0x8b, 0xa3, 0xff, 0x00, 0x0a, 0xd7, 0xfe, 0x15, 
0xaf, 0xf6, 0x4f, 0xfc, 0xcb, 0x7f, 0xdb, 0x3f, 0xda, 0x3f, 0x6e, 0xfb, 0x6f, 0xfd, 0x3d, 0x5b, 
0xf9, 0x7b, 0x3e, 0xc7, 0xfe, 0xd6, 0xef, 0x33, 0xf8, 0x76, 0xf3, 0xfa, 0xff, 0x00, 0xff, 0x00, 
0x07, 0xab, 0x7f, 0xca, 0x2c, 0xbc, 0x03, 0xff, 0x00, 0x65, 0x57, 0x4e, 0xff, 0x00, 0xd3, 0x46, 
0xb1, 0x5f, 0x3f, 0xff, 0x00, 0xc1, 0x8c, 0x7f, 0xf3, 0x74, 0x5f, 0xf7, 0x2a, 0x7f, 0xee, 0x6a, 
0x80, 0x0f, 0xf8, 0x81, 0x8f, 0xfe, 0xae, 0x8b, 0xff, 0x00, 0x31, 0xbf, 0xff, 0x00, 0x7d, 0x2b, 
0xf6, 0xfb, 0xf6, 0x4e, 0xf8, 0x17, 0xff, 0x00, 0x0c, 0xbf, 0xfb, 0x2c, 0x7c, 0x34, 0xf8, 0x67, 
0xfd, 0xa9, 0xfd, 0xb9, 0xff, 0x00, 0x0a, 0xef, 0xc2, 0x9a, 0x5f, 0x86, 0x3f, 0xb4, 0xbe, 0xcd, 
0xf6, 0x6f, 0xed, 0x0f, 0xb1, 0x59, 0xc5, 0x6d, 0xe7, 0xf9, 0x5b, 0xdf, 0xcb, 0xdf, 0xe5, 0x6e, 
0xd9, 0xbd, 0xb6, 0xee, 0xc6, 0xe6, 0xc6, 0x4f, 0xe3, 0x0f, 0xfc, 0x16, 0x67, 0xfe, 0x0e, 0x81, 
0xf8, 0xfb, 0xff, 0x00, 0x04, 0xed, 0xff, 0x00, 0x82, 0x93, 0xfc, 0x48, 0xf8, 0x39, 0xe0, 0xaf, 
0x08, 0x7c, 0x1f, 0xd5, 0x3c, 0x31, 0xe0, 0xff, 0x00, 0xec, 0xcf, 0xb1, 0x5d, 0x6b, 0x7a, 0x56, 
0xa3, 0x3d, 0xfc, 0xbf, 0x69, 0xd2, 0xec, 0xef, 0x24, 0xf3, 0x1e, 0x1b, 0xe8, 0xa3, 0x38, 0x92, 
0xe1, 0xc0, 0xdb, 0x1a, 0xe1, 0x42, 0x83, 0x93, 0x92, 0x7f, 0x63, 0xbf, 0x62, 0x2f, 0x8d, 0x7a, 
0xaf, 0xed, 0x29, 0xfb, 0x17, 0xfc, 0x21, 0xf8, 0x8d, 0xae, 0xdb, 0xe9, 0xf6, 0x9a, 0xdf, 0x8f, 
0xfc, 0x15, 0xa3, 0x78, 0x93, 0x50, 0x82, 0xc1, 0x1e, 0x3b, 0x58, 0x6e, 0x2f, 0x2c, 0x61, 0xb8, 
0x95, 0x22, 0x57, 0x67, 0x75, 0x8c, 0x3c, 0x8c, 0x14, 0x33, 0xb1, 0x00, 0x0c, 0xb1, 0x3c, 0xd0, 
0x07, 0x21, 0xff, 0x00, 0x05, 0x47, 0xfd, 0x86, 0x3f, 0xe1, 0xe5, 0x1f, 0xb0, 0x9f, 0x8e, 0x7e, 
0x0a, 0x7f, 0xc2, 0x53, 0xff, 0x00, 0x08, 0x5f, 0xfc, 0x26, 0x9f, 0x60, 0xff, 0x00, 0x89, 0xcf, 
0xf6, 0x6f, 0xf6, 0x8f, 0xd8, 0xfe, 0xcb, 0xa8, 0x5b, 0x5e, 0xff, 0x00, 0xa8, 0xf3, 0x62, 0xdf, 
0xbb, 0xec, 0xfb, 0x3f, 0xd6, 0x2e, 0x37, 0xe7, 0x9c, 0x60, 0xfc, 0x7f, 0xff, 0x00, 0x04, 0x54, 
0xff, 0x00, 0x83, 0x6f, 0x7f, 0xe1, 0xcf, 0x9f, 0xb5, 0x3e, 0xbf, 0xf1, 0x33, 0xfe, 0x17, 0x2f, 
0xfc, 0x2c, 0x4f, 0xed, 0xcf, 0x0a, 0x5c, 0x78, 0x63, 0xfb, 0x37, 0xfe, 0x11, 0x2f, 0xec, 0x8f, 
0x23, 0xcd, 0xbc, 0xb3, 0xb9, 0xf3, 0xfc, 0xdf, 0xb6, 0xcf, 0xbb, 0x1f, 0x64, 0xdb, 0xb3, 0x60, 
0xcf, 0x99, 0x9d, 0xc3, 0x6e, 0x0f, 0xcc, 0x1f, 0xf0, 0x46, 0x7f, 0xf8, 0x3a, 0x07, 0xe3, 0xef, 
0xfc, 0x14, 0x4b, 0xfe, 0x0a, 0x4f, 0xf0, 0xdf, 0xe0, 0xe7, 0x8d, 0x7c, 0x21, 0xf0, 0x7f, 0x4b, 
0xf0, 0xc7, 0x8c, 0x3f, 0xb4, 0xfe, 0xdb, 0x75, 0xa2, 0x69, 0x5a, 0x8c, 0x17, 0xf1, 0x7d, 0x9b, 
0x4b, 0xbc, 0xbc, 0x8f, 0xcb, 0x79, 0xaf, 0xa5, 0x8c, 0x66, 0x4b, 0x74, 0x07, 0x74, 0x6d, 0x95, 
0x2c, 0x06, 0x0e, 0x08, 0xfb, 0xbf, 0xfe, 0x0e, 0x16, 0xff, 0x00, 0x82, 0xa0, 0x78, 0xfb, 0xfe, 
0x09, 0x33, 0xfb, 0x17, 0xf8, 0x63, 0xe2, 0x37, 0xc3, 0x9d, 0x23, 0xc1, 0xfa, 0xd6, 0xb7, 0xad, 
0x78, 0xd6, 0xd7, 0xc3, 0x73, 0xc1, 0xe2, 0x4b, 0x5b, 0x9b, 0x9b, 0x54, 0xb7, 0x96, 0xc6, 0xfe, 
0xe1, 0x9d, 0x56, 0x09, 0xe1, 0x71, 0x20, 0x7b, 0x58, 0xc0, 0x25, 0xc8, 0xc1, 0x6f, 0x94, 0x92, 
0x08, 0x00, 0xfc, 0x70, 0xff, 0x00, 0x83, 0xd5, 0xbf, 0xe5, 0x29, 0xbe, 0x01, 0xff, 0x00, 0xb2, 
0x55, 0xa7, 0x7f, 0xe9, 0xdf, 0x58, 0xaf, 0xc8, 0x1a, 0xfe, 0x87, 0xbf, 0x62, 0x9f, 0xd8, 0xa7, 
0xc2, 0xbf, 0xf0, 0x76, 0x5f, 0xc2, 0xcd, 0x43, 0xf6, 0x8c, 0xfd, 0xa3, 0x35, 0x0f, 0x10, 0x78, 
0x2f, 0xc6, 0xde, 0x0b, 0xd5, 0x64, 0xf8, 0x71, 0x63, 0x63, 0xf0, 0xe2, 0x78, 0x74, 0xed, 0x2a, 
0x5d, 0x3a, 0xd6, 0x18, 0x75, 0x18, 0xe5, 0x92, 0x3b, 0xe8, 0xaf, 0x65, 0x37, 0x06, 0x6d, 0x52, 
0xe1, 0x59, 0x96, 0x55, 0x42, 0x89, 0x10, 0x08, 0x08, 0x66, 0x6f, 0xc8, 0x0f, 0xf8, 0x2c, 0xcf, 
0xec, 0x53, 0xe1, 0x5f, 0xf8, 0x27, 0x6f, 0xfc, 0x14, 0x9f, 0xe2, 0x47, 0xc1, 0xcf, 0x05, 0x6a, 
0x1e, 0x20, 0xd5, 0x3c, 0x31, 0xe0, 0xff, 0x00, 0xec, 0xcf, 0xb1, 0x5d, 0x6b, 0x73, 0xc3, 0x3d, 
0xfc, 0xbf, 0x69, 0xd2, 0xec, 0xef, 0x24, 0xf3, 0x1e, 0x18, 0xa2, 0x8c, 0xe2, 0x4b, 0x87, 0x03, 
0x6c, 0x6b, 0x85, 0x0a, 0x0e, 0x4e, 0x49, 0x00, 0xf2, 0x0f, 0xd9, 0x3b, 0xe0, 0x5f, 0xfc, 0x35, 
0x07, 0xed, 0x4f, 0xf0, 0xd3, 0xe1, 0x9f, 0xf6, 0xa7, 0xf6, 0x1f, 0xfc, 0x2c, 0x4f, 0x15, 0xe9, 
0x7e, 0x18, 0xfe, 0xd2, 0xfb, 0x37, 0xda, 0x7f, 0xb3, 0xfe, 0xdb, 0x79, 0x15, 0xb7, 0x9f, 0xe5, 
0x6f, 0x4f, 0x33, 0x67, 0x9b, 0xbb, 0x66, 0xf5, 0xdd, 0xb7, 0x1b, 0x97, 0x39, 0x1f, 0xd1, 0xf7, 
0xfc, 0x12, 0xe3, 0xfe, 0x0d, 0x4a, 0xff, 0x00, 0x87, 0x6b, 0xfe, 0xdd, 0x9e, 0x06, 0xf8, 0xd7, 
0xff, 0x00, 0x0b, 0xeb, 0xfe, 0x13, 0x4f, 0xf8, 0x42, 0xfe, 0xdf, 0xff, 0x00, 0x12, 0x6f, 0xf8, 
0x42, 0x7f, 0xb3, 0xbe, 0xd9, 0xf6, 0xad, 0x3e, 0xe6, 0xcb, 0xfd, 0x7f, 0xdb, 0xe5, 0xd9, 0xb7, 
0xed, 0x1b, 0xff, 0x00, 0xd5, 0xb6, 0x76, 0x63, 0x8c, 0xe4, 0x78, 0x7f, 0xec, 0xf5, 0xff, 0x00, 
0x06, 0xf4, 0xfc, 0x17, 0xfd, 0x9a, 0xff, 0x00, 0xe0, 0x9b, 0x9e, 0x07, 0xfd, 0xb4, 0x74, 0x2f, 
0x13, 0xfc, 0x50, 0xbb, 0xf8, 0xa5, 0xe0, 0x0f, 0x86, 0xb6, 0x1f, 0x1a, 0xf4, 0xfd, 0x2e, 0xff, 
0x00, 0x51, 0xb1, 0x93, 0x40, 0x9b, 0x59, 0xb3, 0xd2, 0xe3, 0xd6, 0x62, 0xb7, 0x96, 0x14, 0xb3, 
0x4b, 0x86, 0xb3, 0x37, 0x11, 0xaa, 0x32, 0x2d, 0xc2, 0xc8, 0x63, 0x24, 0x09, 0x43, 0x7c, 0xf5, 
0xa1, 0xff, 0x00, 0x04, 0x67, 0xff, 0x00, 0x83, 0xa0, 0x7e, 0x3e, 0xff, 0x00, 0xc1, 0x44, 0xbf, 
0xe0, 0xa4, 0xff, 0x00, 0x0d, 0xfe, 0x0e, 0x78, 0xd7, 0xc2, 0x1f, 0x07, 0xf4, 0xbf, 0x0c, 0x78, 
0xc3, 0xfb, 0x4f, 0xed, 0xb7, 0x5a, 0x26, 0x95, 0xa8, 0xc1, 0x7f, 0x17, 0xd9, 0xb4, 0xbb, 0xcb, 
0xc8, 0xfc, 0xb7, 0x9a, 0xfa, 0x58, 0xc6, 0x64, 0xb7, 0x40, 0x77, 0x46, 0xd9, 0x52, 0xc0, 0x60, 
0xe0, 0x80, 0x0f, 0x42, 0xff, 0x00, 0x83, 0xd9, 0xff, 0x00, 0xe4, 0xc0, 0x3e, 0x14, 0xff, 0x00, 
0xd9, 0x41, 0x5f, 0xfd, 0x36, 0xde, 0x53, 0x7f, 0xe0, 0xc9, 0x7f, 0xf9, 0x30, 0x5f, 0x8a, 0xff, 
0x00, 0xf6, 0x50, 0x1b, 0xff, 0x00, 0x4d, 0xd6, 0x74, 0xef, 0xf8, 0x3d, 0x9f, 0xfe, 0x4c, 0x03, 
0xe1, 0x4f, 0xfd, 0x94, 0x15, 0xff, 0x00, 0xd3, 0x6d, 0xe5, 0x7e, 0x39, 0x7f, 0xc1, 0x35, 0x7f, 
0xe0, 0xbc, 0x5f, 0x1b, 0x3f, 0xe0, 0x95, 0x3f, 0x08, 0x75, 0xcf, 0x05, 0xfc, 0x30, 0xb0, 0xf0, 
0x1c, 0xda, 0x5f, 0x88, 0x75, 0x86, 0xd6, 0xee, 0xe5, 0xd6, 0xf4, 0xc9, 0xee, 0xee, 0x0c, 0xc6, 
0x18, 0xa1, 0xda, 0xa5, 0x27, 0x8d, 0x42, 0x05, 0x84, 0x10, 0x36, 0xe7, 0x2c, 0xd9, 0x24, 0x60, 
0x00, 0x0f, 0xd8, 0xdf, 0xf8, 0x29, 0x47, 0xfc, 0x1a, 0x6d, 0xa9, 0xff, 0x00, 0xc1, 0x41, 0xbf, 
0x6e, 0x0f, 0x88, 0x1f, 0x18, 0xa3, 0xf8, 0xe7, 0x63, 0xe1, 0x38, 0xfc, 0x6f, 0x79, 0x0d, 0xca, 
0xe9, 0x2d, 0xe1, 0x27, 0xbe, 0x36, 0x62, 0x3b, 0x68, 0x60, 0x00, 0xcd, 0xf6, 0xb8, 0xf7, 0x93, 
0xe5, 0x6e, 0xfb, 0x83, 0x1b, 0xb1, 0xce, 0x32, 0x7c, 0x33, 0xfe, 0x20, 0x6c, 0xd5, 0xbf, 0xe8, 
0xe5, 0x74, 0xef, 0xfc, 0x21, 0x1f, 0xff, 0x00, 0x93, 0xeb, 0xe7, 0x0f, 0xf8, 0x8c, 0x93, 0xf6, 
0xb8, 0xff, 0x00, 0xa0, 0x6f, 0xc1, 0xff, 0x00, 0xfc, 0x27, 0x6e, 0x7f, 0xf9, 0x2e, 0x8f, 0xf8, 
0x8c, 0x93, 0xf6, 0xb8, 0xff, 0x00, 0xa0, 0x6f, 0xc1, 0xff, 0x00, 0xfc, 0x27, 0x6e, 0x7f, 0xf9, 
0x2e, 0x80, 0x3f, 0x4b, 0x7f, 0xe0, 0x90, 0xbf, 0xf0, 0x6c, 0x06, 0xa1, 0xff, 0x00, 0x04, 0xb5, 
0xfd, 0xb5, 0xf4, 0x8f, 0x8b, 0xb3, 0xfc, 0x68, 0xb3, 0xf1, 0xb4, 0x5a, 0x66, 0x9d, 0x7b, 0xa7, 
0xb6, 0x97, 0x1f, 0x85, 0x9b, 0x4f, 0x69, 0x3e, 0xd1, 0x11, 0x8f, 0x78, 0x94, 0xdd, 0x4b, 0x8d, 
0xa7, 0x9c, 0x6d, 0xe7, 0xd4, 0x57, 0x89, 0x7f, 0xc1, 0xf1, 0x7f, 0xf2, 0x4a, 0xff, 0x00, 0x67, 
0x6f, 0xfb, 0x0a, 0xeb, 0x9f, 0xfa, 0x26, 0xc6, 0xbe, 0x3f, 0xff, 0x00, 0x88, 0xc9, 0x3f, 0x6b, 
0x8f, 0xfa, 0x06, 0xfc, 0x1f, 0xff, 0x00, 0xc2, 0x76, 0xe7, 0xff, 0x00, 0x92, 0xeb, 0xe5, 0xcf, 
0xf8, 0x29, 0xbf, 0xfc, 0x16, 0xb7, 0xe3, 0x0f, 0xfc, 0x15, 0x97, 0x40, 0xf0, 0x8e, 0x9b, 0xf1, 
0x4a, 0xd3, 0xc1, 0x76, 0xf0, 0x78, 0x2a, 0xe2, 0xe6, 0xe7, 0x4e, 0x6d, 0x0f, 0x4d, 0x96, 0xd1, 
0xcb, 0x5c, 0x2c, 0x6b, 0x20, 0x7d, 0xf3, 0x48, 0x18, 0x62, 0x24, 0xc6, 0x00, 0xc7, 0x3e, 0xb4, 
0x01, 0xfb, 0xb5, 0xff, 0x00, 0x06, 0x67, 0x7f, 0xca, 0x26, 0x35, 0xef, 0xfb, 0x28, 0xba, 0x9f, 
0xfe, 0x91, 0x69, 0xf4, 0x51, 0xff, 0x00, 0x06, 0x67, 0x7f, 0xca, 0x26, 0x35, 0xef, 0xfb, 0x28, 
0xba, 0x9f, 0xfe, 0x91, 0x69, 0xf4, 0x50, 0x07, 0xe8, 0xaf, 0xc7, 0x7f, 0xd8, 0x7f, 0xe0, 0xcf, 
0xed, 0x47, 0xe2, 0x1b, 0x3d, 0x5b, 0xe2, 0x57, 0xc2, 0x9f, 0x87, 0x7e, 0x3f, 0xd5, 0x34, 0xeb, 
0x7f, 0xb2, 0x5a, 0xdd, 0xf8, 0x87, 0xc3, 0xd6, 0x9a, 0x94, 0xd6, 0xd0, 0xee, 0x2f, 0xe5, 0xa3, 
0xcc, 0x8c, 0x55, 0x77, 0x33, 0x1c, 0x0e, 0x32, 0x49, 0xae, 0x1f, 0xfe, 0x1d, 0x07, 0xfb, 0x29, 
0x7f, 0xd1, 0xb6, 0x7c, 0x0a, 0xff, 0x00, 0xc2, 0x1b, 0x4d, 0xff, 0x00, 0xe3, 0x35, 0xf8, 0xb7, 
0xff, 0x00, 0x07, 0x75, 0xfe, 0xc4, 0x5f, 0x1a, 0x3f, 0x69, 0x4f, 0xf8, 0x29, 0x27, 0x82, 0x75, 
0xdf, 0x87, 0x3f, 0x08, 0x7e, 0x28, 0x78, 0xff, 0x00, 0x44, 0xb4, 0xf8, 0x6b, 0x61, 0x61, 0x3e, 
0xa1, 0xe1, 0xbf, 0x0a, 0xdf, 0x6a, 0xb6, 0xb0, 0xdc, 0x2e, 0xa9, 0xaa, 0xbb, 0x42, 0xd2, 0xc1, 
0x13, 0xa2, 0xc8, 0x12, 0x48, 0xd8, 0xa1, 0x39, 0x02, 0x45, 0x38, 0xc3, 0x0a, 0xfc, 0x51, 0xf8, 
0xa5, 0xf0, 0x9f, 0xc5, 0x5f, 0x03, 0xbc, 0x77, 0x7d, 0xe1, 0x6f, 0x1a, 0xf8, 0x67, 0xc4, 0x1e, 
0x0f, 0xf1, 0x3e, 0x97, 0xe5, 0xfd, 0xb7, 0x48, 0xd6, 0xf4, 0xe9, 0xb4, 0xfb, 0xfb, 0x4f, 0x32, 
0x35, 0x96, 0x3f, 0x32, 0x09, 0x95, 0x64, 0x4d, 0xd1, 0xba, 0x38, 0xdc, 0x06, 0x55, 0xd4, 0x8e, 
0x08, 0x34, 0x01, 0xfd, 0xa9, 0x7f, 0xc3, 0xa0, 0xff, 0x00, 0x65, 0x2f, 0xfa, 0x36, 0xcf, 0x81, 
0x5f, 0xf8, 0x43, 0x69, 0xbf, 0xfc, 0x66, 0x8f, 0xf8, 0x74, 0x1f, 0xec, 0xa5, 0xff, 0x00, 0x46, 
0xd9, 0xf0, 0x2b, 0xff, 0x00, 0x08, 0x6d, 0x37, 0xff, 0x00, 0x8c, 0xd7, 0xf1, 0x1b, 0x5f, 0x6f, 
0xff, 0x00, 0xc1, 0xb8, 0x7f, 0x16, 0x3c, 0x2b, 0xf0, 0x3b, 0xfe, 0x0b, 0x39, 0xf0, 0x6f, 0xc5, 
0x3e, 0x35, 0xf1, 0x37, 0x87, 0xfc, 0x1f, 0xe1, 0x8d, 0x2f, 0xfb, 0x6f, 0xed, 0xba, 0xbe, 0xb7, 
0xa8, 0xc3, 0xa7, 0xd8, 0x5a, 0x79, 0x9a, 0x1e, 0xa1, 0x14, 0x7e, 0x64, 0xf3, 0x32, 0xc6, 0x9b, 
0xa4, 0x74, 0x41, 0xb8, 0x8c, 0xb3, 0xa8, 0x1c, 0x90, 0x28, 0x03, 0xfa, 0x93, 0xff, 0x00, 0x87, 
0x41, 0xfe, 0xca, 0x5f, 0xf4, 0x6d, 0x9f, 0x02, 0xbf, 0xf0, 0x86, 0xd3, 0x7f, 0xf8, 0xcd, 0x1f, 
0xf0, 0xe8, 0x3f, 0xd9, 0x4b, 0xfe, 0x8d, 0xb3, 0xe0, 0x57, 0xfe, 0x10, 0xda, 0x6f, 0xff, 0x00, 
0x19, 0xab, 0x7f, 0xf0, 0xf6, 0x2f, 0xd9, 0x63, 0xfe, 0x8e, 0x5b, 0xf6, 0x7f, 0xff, 0x00, 0xc3, 
0x87, 0xa4, 0x7f, 0xf2, 0x45, 0x7e, 0x10, 0x7f, 0xc1, 0xd0, 0x3f, 0x09, 0xfc, 0x55, 0xff, 0x00, 
0x05, 0x28, 0xfd, 0xbe, 0xbc, 0x21, 0xe3, 0xaf, 0xd9, 0xcf, 0xc3, 0x3e, 0x20, 0xf8, 0xfd, 0xe0, 
0x9d, 0x27, 0xe1, 0xfd, 0x9e, 0x85, 0x7d, 0xe2, 0x1f, 0x87, 0x1a, 0x74, 0xde, 0x2a, 0xd2, 0xac, 
0xf5, 0x18, 0xf5, 0x1d, 0x4a, 0x79, 0x2c, 0xa4, 0xb9, 0xb1, 0x59, 0x62, 0x4b, 0x85, 0x86, 0xe2, 
0xde, 0x46, 0x89, 0x98, 0x38, 0x49, 0xe2, 0x62, 0x30, 0xea, 0x48, 0x07, 0xf4, 0x93, 0xe0, 0x7f, 
0x03, 0xe8, 0xbf, 0x0c, 0xfc, 0x1d, 0xa6, 0x78, 0x7b, 0xc3, 0x9a, 0x4e, 0x9d, 0xa1, 0x68, 0x3a, 
0x25, 0xb4, 0x76, 0x5a, 0x7e, 0x9d, 0x61, 0x6e, 0x96, 0xf6, 0xb6, 0x30, 0x46, 0xa1, 0x52, 0x28, 
0xa3, 0x40, 0x15, 0x11, 0x54, 0x00, 0x15, 0x40, 0x00, 0x0c, 0x0a, 0xf2, 0x4f, 0x09, 0xff, 0x00, 
0xc1, 0x32, 0x7f, 0x66, 0xdf, 0x01, 0x78, 0xab, 0x4c, 0xd7, 0x74, 0x2f, 0xd9, 0xf3, 0xe0, 0x7e, 
0x8b, 0xad, 0xe8, 0xb7, 0x71, 0x5f, 0xe9, 0xfa, 0x85, 0x87, 0x81, 0x74, 0xbb, 0x6b, 0xab, 0x0b, 
0x88, 0x9c, 0x3c, 0x53, 0x45, 0x2a, 0x40, 0x1e, 0x39, 0x11, 0xd5, 0x59, 0x5d, 0x48, 0x2a, 0x40, 
0x20, 0x82, 0x2b, 0xc4, 0x3f, 0xe0, 0x9e, 0xdf, 0xf0, 0x50, 0x9f, 0x80, 0x5f, 0x01, 0x3f, 0x60, 
0x5f, 0x81, 0xfe, 0x05, 0xf1, 0xd7, 0xc7, 0x0f, 0x83, 0xfe, 0x0b, 0xf1, 0xb7, 0x82, 0xfe, 0x1f, 
0xe8, 0x3a, 0x17, 0x88, 0x7c, 0x3d, 0xaf, 0x78, 0xcb, 0x4e, 0xd3, 0xb5, 0x5d, 0x0b, 0x51, 0xb5, 
0xd3, 0xad, 0xe0, 0xb9, 0xb2, 0xbb, 0xb6, 0x9a, 0x65, 0x96, 0x0b, 0x88, 0x66, 0x47, 0x8e, 0x48, 
0xa4, 0x55, 0x74, 0x74, 0x65, 0x60, 0x08, 0x22, 0xbf, 0x9d, 0x1f, 0xf8, 0x26, 0x4f, 0xfc, 0x13, 
0x27, 0xf6, 0x92, 0xf0, 0x17, 0xfc, 0x14, 0x93, 0xf6, 0x7c, 0xd7, 0x75, 0xdf, 0xd9, 0xf3, 0xe3, 
0x86, 0x8b, 0xa2, 0x68, 0xbf, 0x12, 0xbc, 0x39, 0x7f, 0xa8, 0x6a, 0x17, 0xfe, 0x05, 0xd5, 0x2d, 
0xad, 0x6c, 0x2d, 0xe2, 0xd5, 0x2d, 0x9e, 0x59, 0xa5, 0x95, 0xe0, 0x09, 0x1c, 0x68, 0x8a, 0xcc, 
0xce, 0xc4, 0x05, 0x00, 0x92, 0x40, 0x14, 0x01, 0xfd, 0x6e, 0xfc, 0x6b, 0xfd, 0x9e, 0xbc, 0x03, 
0xfb, 0x4a, 0x78, 0x56, 0xdf, 0x42, 0xf8, 0x8d, 0xe0, 0x7f, 0x07, 0xf8, 0xff, 0x00, 0x44, 0xb4, 
0xbb, 0x5b, 0xf8, 0x34, 0xff, 0x00, 0x12, 0x68, 0xd6, 0xda, 0xad, 0xac, 0x37, 0x0a, 0x8e, 0x8b, 
0x32, 0xc5, 0x3a, 0x3a, 0x2c, 0x81, 0x24, 0x91, 0x43, 0x81, 0x90, 0x24, 0x61, 0x9c, 0x31, 0xac, 
0xff, 0x00, 0x81, 0x7f, 0xb2, 0x77, 0xc2, 0xcf, 0xd9, 0x7f, 0xfb, 0x53, 0xfe, 0x15, 0x9f, 0xc3, 
0x4f, 0x87, 0xff, 0x00, 0x0e, 0xff, 0x00, 0xb7, 0x3c, 0xaf, 0xed, 0x2f, 0xf8, 0x46, 0x3c, 0x3d, 
0x67, 0xa4, 0x7f, 0x68, 0x79, 0x5b, 0xfc, 0xaf, 0x3b, 0xec, 0xf1, 0xa7, 0x99, 0xb3, 0xcd, 0x93, 
0x6e, 0xec, 0xed, 0xf3, 0x1f, 0x18, 0xdc, 0x73, 0xf9, 0xe1, 0xff, 0x00, 0x07, 0x75, 0xfe, 0xcf, 
0x5e, 0x3e, 0xfd, 0xa5, 0x3f, 0xe0, 0x9b, 0x7e, 0x09, 0xd0, 0xbe, 0x1c, 0xf8, 0x1f, 0xc6, 0x1e, 
0x3f, 0xd6, 0xed, 0x3e, 0x25, 0x58, 0x5f, 0xcf, 0xa7, 0xf8, 0x6f, 0x46, 0xb9, 0xd5, 0x6e, 0xa1, 
0xb7, 0x5d, 0x2f, 0x55, 0x46, 0x99, 0xa2, 0x81, 0x1d, 0xd6, 0x30, 0xf2, 0x46, 0xa5, 0xc8, 0xc0, 
0x32, 0x28, 0xce, 0x58, 0x57, 0x88, 0x7f, 0xc1, 0x9a, 0xdf, 0xb2, 0x77, 0xc5, 0x3f, 0xd9, 0x7f, 
0xfe, 0x1a, 0x3b, 0xfe, 0x16, 0x67, 0xc3, 0x4f, 0x88, 0x1f, 0x0e, 0xff, 0x00, 0xb7, 0x3f, 0xe1, 
0x19, 0xfe, 0xcd, 0xff, 0x00, 0x84, 0x9f, 0xc3, 0xd7, 0x9a, 0x47, 0xf6, 0x87, 0x95, 0xfd, 0xaf, 
0xe6, 0xf9, 0x3f, 0x68, 0x8d, 0x3c, 0xcd, 0x9e, 0x6c, 0x7b, 0xb6, 0xe7, 0x6f, 0x98, 0x99, 0xc6, 
0xe1, 0x90, 0x0f, 0xcc, 0x0f, 0xf8, 0x3a, 0x3b, 0xfe, 0x53, 0xaf, 0xf1, 0xcf, 0xfe, 0xe0, 0x1f, 
0xfa, 0x8f, 0x69, 0x95, 0xfd, 0x3f, 0x7f, 0xc1, 0x27, 0x7f, 0xe5, 0x16, 0x5f, 0xb3, 0x4f, 0xfd, 
0x92, 0xaf, 0x0b, 0xff, 0x00, 0xe9, 0xa2, 0xd6, 0xbf, 0x9e, 0x1f, 0xf8, 0x38, 0xf3, 0xfe, 0x09, 
0xed, 0xf1, 0xf7, 0xe3, 0x8f, 0xfc, 0x16, 0x73, 0xe3, 0x27, 0x8a, 0x7c, 0x15, 0xf0, 0x3f, 0xe3, 
0x07, 0x8c, 0x3c, 0x31, 0xaa, 0x7f, 0x62, 0x7d, 0x8b, 0x57, 0xd1, 0x3c, 0x1b, 0xa8, 0xea, 0x16, 
0x17, 0x7e, 0x5e, 0x87, 0xa7, 0xc5, 0x27, 0x97, 0x3c, 0x30, 0xb4, 0x6f, 0xb6, 0x44, 0x74, 0x3b, 
0x49, 0xc3, 0x23, 0x03, 0xc8, 0x22, 0xbf, 0xa2, 0xdf, 0xf8, 0x26, 0x4f, 0x84, 0xf5, 0x5f, 0x01, 
0x7f, 0xc1, 0x36, 0xff, 0x00, 0x67, 0xcd, 0x0b, 0x5d, 0xd3, 0x35, 0x0d, 0x17, 0x5b, 0xd1, 0x7e, 
0x1a, 0xf8, 0x72, 0xc3, 0x50, 0xd3, 0xef, 0xed, 0xde, 0xda, 0xea, 0xc2, 0xe2, 0x2d, 0x2e, 0xd9, 
0x25, 0x86, 0x58, 0x9c, 0x07, 0x8e, 0x44, 0x75, 0x65, 0x64, 0x60, 0x0a, 0x90, 0x41, 0x00, 0x8a, 
0x00, 0xf8, 0xc3, 0xfe, 0x0b, 0xd5, 0xfb, 0x27, 0x7c, 0x2c, 0xfd, 0x87, 0x3f, 0xe0, 0x93, 0xdf, 
0x15, 0xbe, 0x29, 0x7c, 0x14, 0xf8, 0x69, 0xf0, 0xff, 0x00, 0xe0, 0xff, 0x00, 0xc4, 0xdf, 0x0b, 
0xff, 0x00, 0x64, 0x7f, 0x63, 0x78, 0xbb, 0xc1, 0x3e, 0x1e, 0xb3, 0xf0, 0xfe, 0xbb, 0xa4, 0x7d, 
0xa3, 0x58, 0xb1, 0xb5, 0x9f, 0xec, 0xf7, 0xb6, 0x91, 0xc7, 0x3c, 0x3e, 0x6d, 0xbc, 0xd3, 0x42, 
0xfb, 0x1c, 0x6f, 0x8e, 0x59, 0x10, 0xe5, 0x58, 0x83, 0xf9, 0xc1, 0xff, 0x00, 0x06, 0xbf, 0x7c, 
0x58, 0xf1, 0x57, 0xfc, 0x14, 0xa3, 0xf6, 0xfa, 0xf1, 0x7f, 0x81, 0x7f, 0x68, 0xcf, 0x13, 0x78, 
0x83, 0xe3, 0xf7, 0x82, 0x74, 0x9f, 0x87, 0xf7, 0x9a, 0xed, 0x8f, 0x87, 0xbe, 0x23, 0xea, 0x33, 
0x78, 0xab, 0x4a, 0xb3, 0xd4, 0x63, 0xd4, 0x74, 0xd8, 0x23, 0xbd, 0x8e, 0xda, 0xf9, 0xa5, 0x89, 
0x2e, 0x16, 0x1b, 0x8b, 0x88, 0xd6, 0x55, 0x50, 0xe1, 0x27, 0x95, 0x41, 0xc3, 0xb0, 0x3c, 0x07, 
0xfc, 0x1b, 0x87, 0xff, 0x00, 0x04, 0xf6, 0xf8, 0xfb, 0xf0, 0x3b, 0xfe, 0x0b, 0x39, 0xf0, 0x6f, 
0xc5, 0x3e, 0x35, 0xf8, 0x1f, 0xf1, 0x83, 0xc1, 0xfe, 0x18, 0xd2, 0xff, 0x00, 0xb6, 0xfe, 0xdb, 
0xab, 0xeb, 0x7e, 0x0d, 0xd4, 0x74, 0xfb, 0x0b, 0x4f, 0x33, 0x43, 0xd4, 0x22, 0x8f, 0xcc, 0x9e, 
0x68, 0x56, 0x34, 0xdd, 0x23, 0xa2, 0x0d, 0xc4, 0x65, 0x9d, 0x40, 0xe4, 0x81, 0x5f, 0xa9, 0xdf, 
0xf0, 0x77, 0x5f, 0xec, 0xf5, 0xe3, 0xef, 0xda, 0x53, 0xfe, 0x09, 0xb7, 0xe0, 0x9d, 0x0b, 0xe1, 
0xcf, 0x81, 0xfc, 0x61, 0xe3, 0xfd, 0x6e, 0xd3, 0xe2, 0x55, 0x85, 0xfc, 0xfa, 0x7f, 0x86, 0xf4, 
0x6b, 0x9d, 0x56, 0xea, 0x1b, 0x75, 0xd2, 0xf5, 0x54, 0x69, 0x9a, 0x28, 0x11, 0xdd, 0x63, 0x0f, 
0x24, 0x6a, 0x5c, 0x8c, 0x03, 0x22, 0x8c, 0xe5, 0x85, 0x00, 0x7e, 0x78, 0x7f, 0xc1, 0xd0, 0x3f, 
0x16, 0x3c, 0x55, 0xff, 0x00, 0x04, 0xd7, 0xfd, 0xbe, 0xbc, 0x21, 0xe0, 0x5f, 0xd9, 0xcf, 0xc4, 
0xde, 0x20, 0xf8, 0x03, 0xe0, 0x9d, 0x5b, 0xe1, 0xfd, 0x9e, 0xbb, 0x7d, 0xe1, 0xef, 0x87, 0x1a, 
0x8c, 0xde, 0x15, 0xd2, 0xaf, 0x35, 0x19, 0x35, 0x1d, 0x4a, 0x09, 0x2f, 0x64, 0xb6, 0xb1, 0x68, 
0xa2, 0x7b, 0x86, 0x86, 0xde, 0xde, 0x36, 0x95, 0x94, 0xb9, 0x48, 0x22, 0x52, 0x70, 0x8a, 0x07, 
0xe8, 0xff, 0x00, 0xfc, 0x10, 0x57, 0xf6, 0x4e, 0xf8, 0x59, 0xfb, 0x71, 0xff, 0x00, 0xc1, 0x27, 
0xbe, 0x14, 0xfc, 0x52, 0xf8, 0xd7, 0xf0, 0xd3, 0xe1, 0xff, 0x00, 0xc6, 0x0f, 0x89, 0xbe, 0x28, 
0xfe, 0xd7, 0xfe, 0xd9, 0xf1, 0x77, 0x8d, 0xbc, 0x3d, 0x67, 0xe2, 0x0d, 0x77, 0x57, 0xfb, 0x3e, 
0xb1, 0x7d, 0x6b, 0x07, 0xda, 0x2f, 0x6e, 0xe3, 0x92, 0x79, 0xbc, 0xab, 0x78, 0x61, 0x85, 0x37, 
0xb9, 0xd9, 0x1c, 0x51, 0xa0, 0xc2, 0xa8, 0x03, 0x3f, 0xfe, 0x0d, 0x14, 0xfd, 0x9e, 0xbc, 0x7d, 
0xfb, 0x35, 0xff, 0x00, 0xc1, 0x36, 0xfc, 0x6d, 0xa1, 0x7c, 0x46, 0xf0, 0x3f, 0x8c, 0x3c, 0x01, 
0xad, 0xdd, 0xfc, 0x4a, 0xbf, 0xbf, 0x83, 0x4f, 0xf1, 0x26, 0x8d, 0x73, 0xa5, 0x5d, 0x4d, 0x6e, 
0xda, 0x5e, 0x94, 0x8b, 0x32, 0xc5, 0x3a, 0x23, 0xb4, 0x65, 0xe3, 0x91, 0x43, 0x81, 0x82, 0x63, 
0x61, 0x9c, 0xa9, 0xaf, 0xcb, 0x1f, 0xf8, 0x38, 0xf3, 0xfe, 0x09, 0xed, 0xf1, 0xf7, 0xe3, 0x8f, 
0xfc, 0x16, 0x73, 0xe3, 0x27, 0x8a, 0x7c, 0x15, 0xf0, 0x3f, 0xe3, 0x07, 0x8c, 0x3c, 0x31, 0xaa, 
0x7f, 0x62, 0x7d, 0x8b, 0x57, 0xd1, 0x3c, 0x1b, 0xa8, 0xea, 0x16, 0x17, 0x7e, 0x5e, 0x87, 0xa7, 
0xc5, 0x27, 0x97, 0x3c, 0x30, 0xb4, 0x6f, 0xb6, 0x44, 0x74, 0x3b, 0x49, 0xc3, 0x23, 0x03, 0xc8, 
0x22, 0x80, 0x3f, 0xa7, 0xdf, 0xf8, 0x54, 0xfe, 0x15, 0xff, 0x00, 0x85, 0x59, 0xff, 0x00, 0x08, 
0x2f, 0xfc, 0x23, 0x3e, 0x1f, 0xff, 0x00, 0x84, 0x27, 0xfb, 0x2b, 0xfb, 0x0b, 0xfe, 0x11, 0xef, 
0xec, 0xe8, 0x7f, 0xb2, 0xbf, 0xb3, 0xbc, 0x9f, 0x23, 0xec, 0x5f, 0x66, 0xdb, 0xe5, 0x7d, 0x9f, 
0xc9, 0xfd, 0xdf, 0x95, 0xb7, 0x66, 0xcf, 0x97, 0x18, 0xe2, 0xbc, 0xff, 0x00, 0xe1, 0x6f, 0xfc, 
0x13, 0xdb, 0xe0, 0x17, 0xc0, 0xef, 0x1d, 0xd8, 0xf8, 0xa7, 0xc1, 0x5f, 0x03, 0xfe, 0x0f, 0xf8, 
0x3f, 0xc4, 0xfa, 0x5f, 0x99, 0xf6, 0x2d, 0x5f, 0x44, 0xf0, 0x6e, 0x9d, 0xa7, 0xdf, 0xda, 0x79, 
0x91, 0xb4, 0x52, 0x79, 0x73, 0xc3, 0x0a, 0xc8, 0x9b, 0xa3, 0x77, 0x43, 0xb4, 0x8c, 0xab, 0xb0, 
0x3c, 0x12, 0x2b, 0xf8, 0xd3, 0xf1, 0x67, 0xfc, 0x13, 0x27, 0xf6, 0x92, 0xf0, 0x17, 0x85, 0x75, 
0x3d, 0x77, 0x5d, 0xfd, 0x9f, 0x3e, 0x38, 0x68, 0xba, 0x26, 0x8b, 0x69, 0x2d, 0xfe, 0xa1, 0xa8, 
0x5f, 0xf8, 0x17, 0x54, 0xb6, 0xb5, 0xb0, 0xb7, 0x89, 0x0b, 0xcb, 0x34, 0xb2, 0xbc, 0x01, 0x23, 
0x8d, 0x11, 0x59, 0x99, 0xd8, 0x80, 0xa0, 0x12, 0x48, 0x02, 0xbc, 0xbf, 0xe1, 0x6f, 0xc2, 0x7f, 
0x15, 0x7c, 0x71, 0xf1, 0xdd, 0x8f, 0x85, 0xbc, 0x15, 0xe1, 0x9f, 0x10, 0x78, 0xc3, 0xc4, 0xfa, 
0xa7, 0x99, 0xf6, 0x2d, 0x23, 0x44, 0xd3, 0xa6, 0xd4, 0x2f, 0xee, 0xfc, 0xb8, 0xda, 0x59, 0x3c, 
0xb8, 0x21, 0x56, 0x91, 0xf6, 0xc6, 0x8e, 0xe7, 0x68, 0x38, 0x54, 0x62, 0x78, 0x04, 0xd0, 0x07, 
0xf7, 0x49, 0xf1, 0xdb, 0xf6, 0x65, 0xf8, 0x73, 0xfb, 0x51, 0x78, 0x76, 0xcf, 0x48, 0xf8, 0x95, 
0xe0, 0x4f, 0x08, 0x78, 0xff, 0x00, 0x4a, 0xd3, 0xee, 0x7e, 0xd9, 0x6b, 0x67, 0xe2, 0x1d, 0x22, 
0x0d, 0x4a, 0xde, 0xde, 0x7d, 0xac, 0x9e, 0x6a, 0x24, 0xca, 0xca, 0xaf, 0xb5, 0x99, 0x77, 0x01, 
0x9c, 0x31, 0x1d, 0xcd, 0x79, 0x6f, 0xfc, 0x3a, 0x0f, 0xf6, 0x52, 0xff, 0x00, 0xa3, 0x6c, 0xf8, 
0x15, 0xff, 0x00, 0x84, 0x36, 0x9b, 0xff, 0x00, 0xc6, 0x6b, 0xf0, 0xaf, 0xfe, 0x0d, 0x7e, 0xf8, 
0x4f, 0xe2, 0xaf, 0xf8, 0x26, 0xbf, 0xed, 0xf5, 0xe2, 0xff, 0x00, 0x1d, 0x7e, 0xd1, 0x9e, 0x19, 
0xf1, 0x07, 0xc0, 0x1f, 0x04, 0xea, 0xdf, 0x0f, 0xef, 0x34, 0x2b, 0x1f, 0x10, 0xfc, 0x47, 0xd3, 
0xa6, 0xf0, 0xae, 0x95, 0x79, 0xa8, 0xc9, 0xa8, 0xe9, 0xb3, 0xc7, 0x65, 0x1d, 0xcd, 0xf2, 0xc5, 
0x13, 0xdc, 0x34, 0x36, 0xf7, 0x12, 0x2c, 0x4a, 0xc5, 0xca, 0x41, 0x2b, 0x01, 0x84, 0x62, 0x3f, 
0xa2, 0xef, 0x82, 0x9f, 0xb4, 0x2f, 0x80, 0x7f, 0x69, 0x4f, 0x0a, 0xdc, 0x6b, 0xbf, 0x0e, 0x7c, 
0x71, 0xe0, 0xff, 0x00, 0x1f, 0xe8, 0x96, 0x97, 0x6d, 0x61, 0x3e, 0xa1, 0xe1, 0xbd, 0x66, 0xdb, 
0x55, 0xb5, 0x86, 0xe1, 0x51, 0x1d, 0xa1, 0x69, 0x60, 0x77, 0x45, 0x90, 0x24, 0x91, 0xb1, 0x42, 
0x72, 0x04, 0x8a, 0x71, 0x86, 0x14, 0x01, 0xe4, 0xbf, 0xf0, 0xe8, 0x3f, 0xd9, 0x4b, 0xfe, 0x8d, 
0xb3, 0xe0, 0x57, 0xfe, 0x10, 0xda, 0x6f, 0xff, 0x00, 0x19, 0xa3, 0xfe, 0x1d, 0x07, 0xfb, 0x29, 
0x7f, 0xd1, 0xb6, 0x7c, 0x0a, 0xff, 0x00, 0xc2, 0x1b, 0x4d, 0xff, 0x00, 0xe3, 0x35, 0xfc, 0xf6, 
0x7f, 0xc1, 0xc7, 0x9f, 0xf0, 0x4f, 0x6f, 0x8f, 0xbf, 0x1c, 0x7f, 0xe0, 0xb3, 0x9f, 0x19, 0x3c, 
0x53, 0xe0, 0xaf, 0x81, 0xff, 0x00, 0x18, 0x3c, 0x61, 0xe1, 0x8d, 0x53, 0xfb, 0x13, 0xec, 0x5a, 
0xbe, 0x89, 0xe0, 0xdd, 0x47, 0x50, 0xb0, 0xbb, 0xf2, 0xf4, 0x3d, 0x3e, 0x29, 0x3c, 0xb9, 0xe1, 
0x85, 0xa3, 0x7d, 0xb2, 0x23, 0xa1, 0xda, 0x4e, 0x19, 0x18, 0x1e, 0x41, 0x15, 0xf9, 0x61, 0xe1, 
0x3f, 0x09, 0xea, 0xbe, 0x3d, 0xf1, 0x56, 0x99, 0xa1, 0x68, 0x5a, 0x66, 0xa1, 0xad, 0x6b, 0x7a, 
0xd5, 0xdc, 0x56, 0x1a, 0x7e, 0x9f, 0x61, 0x6e, 0xf7, 0x37, 0x57, 0xf7, 0x12, 0xb8, 0x48, 0xa1, 
0x8a, 0x24, 0x05, 0xe4, 0x91, 0xdd, 0x95, 0x55, 0x14, 0x12, 0xc4, 0x80, 0x01, 0x26, 0x80, 0x3f, 
0xb6, 0x2f, 0xf8, 0x74, 0x1f, 0xec, 0xa5, 0xff, 0x00, 0x46, 0xd9, 0xf0, 0x2b, 0xff, 0x00, 0x08, 
0x6d, 0x37, 0xff, 0x00, 0x8c, 0xd1, 0xff, 0x00, 0x0e, 0x83, 0xfd, 0x94, 0xbf, 0xe8, 0xdb, 0x3e, 
0x05, 0x7f, 0xe1, 0x0d, 0xa6, 0xff, 0x00, 0xf1, 0x9a, 0xfe, 0x7b, 0x3f, 0xe0, 0xdc, 0x3f, 0xf8, 
0x27, 0xb7, 0xc7, 0xdf, 0x81, 0xdf, 0xf0, 0x59, 0xcf, 0x83, 0x7e, 0x29, 0xf1, 0xaf, 0xc0, 0xff, 
0x00, 0x8c, 0x1e, 0x0f, 0xf0, 0xc6, 0x97, 0xfd, 0xb7, 0xf6, 0xdd, 0x5f, 0x5b, 0xf0, 0x6e, 0xa3, 
0xa7, 0xd8, 0x5a, 0x79, 0x9a, 0x1e, 0xa1, 0x14, 0x7e, 0x64, 0xf3, 0x42, 0xb1, 0xa6, 0xe9, 0x1d, 
0x10, 0x6e, 0x23, 0x2c, 0xea, 0x07, 0x24, 0x0a, 0xfb, 0x7f, 0xfe, 0x0f, 0x29, 0xfd, 0x93, 0xbe, 
0x29, 0xfe, 0xd4, 0x1f, 0xf0, 0xce, 0x3f, 0xf0, 0xac, 0xfe, 0x1a, 0x7c, 0x40, 0xf8, 0x89, 0xfd, 
0x87, 0xff, 0x00, 0x09, 0x37, 0xf6, 0x97, 0xfc, 0x23, 0x1e, 0x1e, 0xbc, 0xd5, 0xff, 0x00, 0xb3, 
0xfc, 0xdf, 0xec, 0x8f, 0x2b, 0xce, 0xfb, 0x3c, 0x6f, 0xe5, 0xef, 0xf2, 0xa4, 0xdb, 0xbb, 0x1b, 
0xbc, 0xb7, 0xc6, 0x76, 0x9c, 0x00, 0x7e, 0xc6, 0xfc, 0x10, 0xfd, 0x9e, 0x7c, 0x05, 0xfb, 0x33, 
0xf8, 0x3a, 0x4f, 0x0f, 0x7c, 0x3a, 0xf0, 0x5f, 0x85, 0xbc, 0x09, 0xa0, 0xcd, 0x72, 0xf7, 0xaf, 
0xa7, 0x68, 0x1a, 0x5c, 0x3a, 0x75, 0xab, 0xce, 0xea, 0xaa, 0xd2, 0x98, 0xe2, 0x55, 0x52, 0xe5, 
0x51, 0x01, 0x6c, 0x64, 0x85, 0x1e, 0x82, 0x8a, 0xfc, 0xe1, 0xff, 0x00, 0x83, 0x45, 0x3f, 0x67, 
0xaf, 0x1f, 0x7e, 0xcd, 0x7f, 0xf0, 0x4d, 0xbf, 0x1b, 0x68, 0x5f, 0x11, 0xbc, 0x0f, 0xe3, 0x0f, 
0x00, 0x6b, 0x77, 0x7f, 0x12, 0xaf, 0xef, 0xe0, 0xd3, 0xfc, 0x49, 0xa3, 0x5c, 0xe9, 0x57, 0x53, 
0x5b, 0xb6, 0x97, 0xa5, 0x22, 0xcc, 0xb1, 0x4e, 0x88, 0xed, 0x19, 0x78, 0xe4, 0x50, 0xe0, 0x60, 
0x98, 0xd8, 0x67, 0x2a, 0x68, 0xa0, 0x0f, 0x60, 0xff, 0x00, 0x82, 0xa0, 0x7f, 0xc1, 0xc2, 0xdf, 
0x05, 0xff, 0x00, 0xe0, 0x93, 0x3f, 0x1f, 0x74, 0x8f, 0x87, 0x3f, 0x11, 0xbc, 0x31, 0xf1, 0x43, 
0x5a, 0xd6, 0xf5, 0xaf, 0x0f, 0xc3, 0xe2, 0x48, 0x27, 0xf0, 0xde, 0x9d, 0x63, 0x73, 0x6a, 0x96, 
0xf2, 0xdc, 0xdc, 0xdb, 0xaa, 0x33, 0x4f, 0x79, 0x0b, 0x89, 0x03, 0xda, 0xc8, 0x48, 0x08, 0x46, 
0x0a, 0xfc, 0xc4, 0x92, 0x07, 0xf3, 0x23, 0xff, 0x00, 0x05, 0x99, 0xfd, 0xb5, 0xbc, 0x2b, 0xff, 
0x00, 0x05, 0x12, 0xff, 0x00, 0x82, 0x93, 0xfc, 0x48, 0xf8, 0xc7, 0xe0, 0xad, 0x3f, 0xc4, 0x1a, 
0x5f, 0x86, 0x3c, 0x61, 0xfd, 0x99, 0xf6, 0x2b, 0x5d, 0x6e, 0x08, 0x60, 0xbf, 0x8b, 0xec, 0xda, 
0x5d, 0x9d, 0x9c, 0x9e, 0x62, 0x43, 0x2c, 0xb1, 0x8c, 0xc9, 0x6e, 0xe4, 0x6d, 0x91, 0xb2, 0xa5, 
0x49, 0xc1, 0xc8, 0x1f, 0xd0, 0xf7, 0xfc, 0x16, 0xaf, 0xfe, 0x0d, 0xbd, 0xff, 0x00, 0x87, 0xc1, 
0xfe, 0xd4, 0xfa, 0x07, 0xc4, 0xcf, 0xf8, 0x5c, 0xbf, 0xf0, 0xae, 0xff, 0x00, 0xb0, 0xfc, 0x29, 
0x6f, 0xe1, 0x8f, 0xec, 0xdf, 0xf8, 0x44, 0xbf, 0xb5, 0xfc, 0xff, 0x00, 0x2a, 0xf2, 0xf2, 0xe7, 
0xcf, 0xf3, 0x7e, 0xdb, 0x06, 0xdc, 0xfd, 0xaf, 0x6e, 0xcd, 0x87, 0x1e, 0x5e, 0x77, 0x1d, 0xd8, 
0x1f, 0x20, 0x7f, 0xc4, 0x0c, 0x7f, 0xf5, 0x74, 0x5f, 0xf9, 0x8d, 0xff, 0x00, 0xfb, 0xe9, 0x40, 
0x1f, 0x80, 0x34, 0x57, 0xa0, 0x7e, 0xc9, 0xdf, 0x02, 0xff, 0x00, 0xe1, 0xa8, 0x3f, 0x6a, 0x7f, 
0x86, 0x9f, 0x0c, 0xff, 0x00, 0xb5, 0x3f, 0xb0, 0xff, 0x00, 0xe1, 0x62, 0x78, 0xaf, 0x4b, 0xf0, 
0xc7, 0xf6, 0x97, 0xd9, 0xbe, 0xd3, 0xfd, 0x9f, 0xf6, 0xdb, 0xc8, 0xad, 0xbc, 0xff, 0x00, 0x2b, 
0x7a, 0x79, 0x9b, 0x3c, 0xdd, 0xdb, 0x37, 0xae, 0xed, 0xb8, 0xdc, 0xb9, 0xc8, 0xfd, 0xbe, 0xff, 
0x00, 0x88, 0x18, 0xff, 0x00, 0xea, 0xe8, 0xbf, 0xf3, 0x1b, 0xff, 0x00, 0xf7, 0xd2, 0x80, 0x3f, 
0x00, 0x6b, 0xf6, 0x3b, 0xfe, 0x0d, 0xe9, 0xff, 0x00, 0x83, 0x85, 0xbe, 0x0b, 0xff, 0x00, 0xc1, 
0x26, 0x7f, 0x62, 0xff, 0x00, 0x13, 0xfc, 0x39, 0xf8, 0x8d, 0xe1, 0x8f, 0x8a, 0x1a, 0xd6, 0xb7, 
0xad, 0x78, 0xd6, 0xeb, 0xc4, 0x90, 0x4f, 0xe1, 0xbd, 0x3a, 0xc6, 0xe6, 0xd5, 0x2d, 0xe5, 0xb1, 
0xb0, 0xb7, 0x54, 0x66, 0x9e, 0xf2, 0x17, 0x12, 0x07, 0xb5, 0x90, 0x90, 0x10, 0x8c, 0x15, 0xf9, 
0x89, 0x24, 0x0f, 0x70, 0xff, 0x00, 0x88, 0x18, 0xff, 0x00, 0xea, 0xe8, 0xbf, 0xf3, 0x1b, 0xff, 
0x00, 0xf7, 0xd2, 0x8f, 0xf8, 0x81, 0x8f, 0xfe, 0xae, 0x8b, 0xff, 0x00, 0x31, 0xbf, 0xff, 0x00, 
0x7d, 0x28, 0x03, 0xf1, 0x47, 0xf6, 0xdd, 0xf8, 0xd7, 0xa5, 0x7e, 0xd2, 0x9f, 0xb6, 0x87, 0xc5, 
0xef, 0x88, 0xda, 0x15, 0xbe, 0xa1, 0x69, 0xa2, 0x78, 0xff, 0x00, 0xc6, 0xba, 0xcf, 0x89, 0x34, 
0xf8, 0x2f, 0xd1, 0x23, 0xba, 0x86, 0xde, 0xf2, 0xfa, 0x6b, 0x88, 0x92, 0x55, 0x46, 0x74, 0x59, 
0x02, 0x48, 0xa1, 0x82, 0xbb, 0x00, 0x41, 0xc3, 0x11, 0xcd, 0x7f, 0x6f, 0x9f, 0xb4, 0x2f, 0xc6, 
0xbd, 0x2b, 0xf6, 0x6b, 0xf8, 0x05, 0xe3, 0x8f, 0x88, 0xda, 0xed, 0xbe, 0xa1, 0x77, 0xa2, 0x78, 
0x03, 0xc3, 0xf7, 0xfe, 0x24, 0xd4, 0x20, 0xb0, 0x44, 0x92, 0xea, 0x6b, 0x7b, 0x3b, 0x69, 0x2e, 
0x25, 0x48, 0x95, 0xd9, 0x11, 0xa4, 0x29, 0x1b, 0x05, 0x0c, 0xea, 0x09, 0x23, 0x2c, 0x07, 0x35, 
0xfc, 0x39, 0xfe, 0xd6, 0x3f, 0x02, 0xff, 0x00, 0xe1, 0x97, 0xff, 0x00, 0x6a, 0x7f, 0x89, 0x7f, 
0x0c, 0xff, 0x00, 0xb5, 0x3f, 0xb7, 0x3f, 0xe1, 0x5d, 0xf8, 0xaf, 0x54, 0xf0, 0xc7, 0xf6, 0x97, 
0xd9, 0xbe, 0xcd, 0xfd, 0xa1, 0xf6, 0x2b, 0xc9, 0x6d, 0xbc, 0xff, 0x00, 0x2b, 0x7b, 0xf9, 0x7b, 
0xfc, 0xad, 0xdb, 0x37, 0xb6, 0xdd, 0xd8, 0xdc, 0xd8, 0xc9, 0xfe, 0xcf, 0x7f, 0xe0, 0xac, 0x5f, 
0xf2, 0x8b, 0x2f, 0xda, 0x5b, 0xfe, 0xc9, 0x57, 0x8a, 0x3f, 0xf4, 0xd1, 0x75, 0x40, 0x1f, 0x00, 
0x7f, 0xc4, 0x6a, 0xdf, 0xb2, 0xc7, 0xfd, 0x08, 0x3f, 0xb4, 0x07, 0xfe, 0x08, 0xf4, 0x8f, 0xfe, 
0x59, 0xd1, 0xff, 0x00, 0x11, 0xab, 0x7e, 0xcb, 0x1f, 0xf4, 0x20, 0xfe, 0xd0, 0x1f, 0xf8, 0x23, 
0xd2, 0x3f, 0xf9, 0x67, 0x5f, 0xcc, 0x0d, 0x14, 0x01, 0xfd, 0x3f, 0x7f, 0xc4, 0x6a, 0xdf, 0xb2, 
0xc7, 0xfd, 0x08, 0x3f, 0xb4, 0x07, 0xfe, 0x08, 0xf4, 0x8f, 0xfe, 0x59, 0xd1, 0xff, 0x00, 0x11, 
0xab, 0x7e, 0xcb, 0x1f, 0xf4, 0x20, 0xfe, 0xd0, 0x1f, 0xf8, 0x23, 0xd2, 0x3f, 0xf9, 0x67, 0x5f, 
0xcc, 0x0d, 0x14, 0x01, 0xfd, 0x6e, 0xfe, 0xc1, 0x5f, 0xf0, 0x74, 0x0f, 0xc0, 0x2f, 0xf8, 0x28, 
0x97, 0xed, 0x63, 0xe1, 0x4f, 0x83, 0x9e, 0x0a, 0xf0, 0x87, 0xc6, 0x0d, 0x2f, 0xc4, 0xfe, 0x30, 
0xfb, 0x67, 0xd8, 0xae, 0xb5, 0xbd, 0x2b, 0x4e, 0x82, 0xc2, 0x2f, 0xb3, 0x59, 0xcf, 0x79, 0x27, 
0x98, 0xf0, 0xdf, 0x4b, 0x20, 0xcc, 0x76, 0xee, 0x06, 0xd8, 0xdb, 0x2c, 0x54, 0x1c, 0x0c, 0x91, 
0xf4, 0x87, 0xfc, 0x15, 0x03, 0xfe, 0x0a, 0x81, 0xe0, 0x1f, 0xf8, 0x24, 0xcf, 0xc0, 0x2d, 0x23, 
0xe2, 0x37, 0xc4, 0x6d, 0x23, 0xc6, 0x1a, 0xd6, 0x89, 0xad, 0x78, 0x82, 0x1f, 0x0d, 0xc1, 0x07, 
0x86, 0xed, 0x6d, 0xae, 0x6e, 0x92, 0xe2, 0x5b, 0x6b, 0x9b, 0x85, 0x76, 0x59, 0xe7, 0x85, 0x04, 
0x61, 0x2d, 0x64, 0x04, 0x87, 0x27, 0x25, 0x7e, 0x52, 0x09, 0x23, 0xf9, 0x11, 0xff, 0x00, 0x82, 
0x5c, 0x7e, 0xdc, 0xff, 0x00, 0xf0, 0xed, 0x7f, 0xdb, 0xb3, 0xc0, 0xdf, 0x1a, 0xff, 0x00, 0xe1, 
0x16, 0xff, 0x00, 0x84, 0xd3, 0xfe, 0x10, 0xbf, 0xb7, 0xff, 0x00, 0xc4, 0x9b, 0xfb, 0x4b, 0xfb, 
0x3b, 0xed, 0x9f, 0x6a, 0xd3, 0xee, 0x6c, 0xbf, 0xd7, 0xf9, 0x52, 0xec, 0xdb, 0xf6, 0x8d, 0xff, 
0x00, 0xea, 0xdb, 0x3b, 0x31, 0xc6, 0x72, 0x3e, 0xc0, 0xff, 0x00, 0x82, 0xd5, 0xff, 0x00, 0xc1, 
0xc8, 0x5f, 0xf0, 0xf8, 0x3f, 0xd9, 0x63, 0x40, 0xf8, 0x67, 0xff, 0x00, 0x0a, 0x6b, 0xfe, 0x15, 
0xdf, 0xf6, 0x1f, 0x8a, 0xed, 0xfc, 0x4f, 0xfd, 0xa5, 0xff, 0x00, 0x09, 0x6f, 0xf6, 0xbf, 0x9f, 
0xe5, 0x59, 0xde, 0x5b, 0x79, 0x1e, 0x57, 0xd8, 0xa0, 0xdb, 0x9f, 0xb5, 0xee, 0xdf, 0xbc, 0xe3, 
0xcb, 0xc6, 0xd3, 0xbb, 0x20, 0x03, 0xfa, 0x2e, 0xff, 0x00, 0x82, 0x5f, 0xff, 0x00, 0xc1, 0x50, 
0x3c, 0x03, 0xff, 0x00, 0x05, 0x66, 0xf8, 0x05, 0xab, 0xfc, 0x46, 0xf8, 0x73, 0xa4, 0x78, 0xc3, 
0x45, 0xd1, 0x34, 0x5f, 0x10, 0x4d, 0xe1, 0xb9, 0xe0, 0xf1, 0x25, 0xad, 0xb5, 0xb5, 0xd3, 0xdc, 
0x45, 0x6d, 0x6d, 0x70, 0xce, 0xab, 0x04, 0xf3, 0x21, 0x8c, 0xa5, 0xd4, 0x60, 0x12, 0xe0, 0xe4, 
0x37, 0xca, 0x00, 0x04, 0xfc, 0xdf, 0xfb, 0x7a, 0xff, 0x00, 0xc1, 0xd0, 0x3f, 0x00, 0xbf, 0xe0, 
0x9d, 0xbf, 0xb5, 0x8f, 0x8a, 0xfe, 0x0e, 0x78, 0xd7, 0xc2, 0x1f, 0x18, 0x35, 0x4f, 0x13, 0xf8, 
0x3f, 0xec, 0x7f, 0x6d, 0xba, 0xd1, 0x34, 0xad, 0x3a, 0x7b, 0x09, 0x7e, 0xd3, 0x67, 0x05, 0xe4, 
0x7e, 0x5b, 0xcd, 0x7d, 0x14, 0x87, 0x11, 0xdc, 0x20, 0x3b, 0xa3, 0x5c, 0x30, 0x60, 0x32, 0x30, 
0x4f, 0x90, 0x7f, 0xc1, 0x95, 0x3f, 0xf2, 0x8b, 0x2f, 0x1f, 0x7f, 0xd9, 0x55, 0xd4, 0x7f, 0xf4, 
0xd1, 0xa3, 0xd7, 0xe4, 0x07, 0xfc, 0x1d, 0x1d, 0xff, 0x00, 0x29, 0xd7, 0xf8, 0xe7, 0xff, 0x00, 
0x70, 0x0f, 0xfd, 0x47, 0xb4, 0xca, 0x00, 0xfd, 0x2f, 0xfd, 0xb7, 0x7f, 0xe0, 0xee, 0xbf, 0xd9, 
0xb7, 0xf6, 0x94, 0xfd, 0x8b, 0xfe, 0x2f, 0x7c, 0x39, 0xd0, 0xbc, 0x13, 0xf1, 0xc2, 0xd3, 0x5b, 
0xf1, 0xff, 0x00, 0x82, 0xb5, 0x9f, 0x0d, 0xe9, 0xf3, 0xdf, 0xe8, 0xfa, 0x5c, 0x76, 0xb0, 0xdc, 
0x5e, 0x58, 0xcd, 0x6f, 0x13, 0xca, 0xc9, 0xa8, 0xbb, 0xac, 0x61, 0xe4, 0x52, 0xc5, 0x51, 0x88, 
0x00, 0xe1, 0x49, 0xe2, 0xbf, 0x1c, 0x3f, 0xe0, 0x8c, 0xff, 0x00, 0xb6, 0xb7, 0x85, 0x7f, 0xe0, 
0x9d, 0xbf, 0xf0, 0x52, 0x7f, 0x86, 0xff, 0x00, 0x18, 0xfc, 0x6b, 0xa7, 0xf8, 0x83, 0x54, 0xf0, 
0xc7, 0x83, 0xff, 0x00, 0xb4, 0xfe, 0xdb, 0x6b, 0xa2, 0x41, 0x0c, 0xf7, 0xf2, 0xfd, 0xa7, 0x4b, 
0xbc, 0xb3, 0x8f, 0xcb, 0x49, 0xa5, 0x8a, 0x33, 0x89, 0x2e, 0x10, 0x9d, 0xd2, 0x2e, 0x14, 0x31, 
0x19, 0x38, 0x07, 0xf4, 0x7f, 0xf6, 0x4e, 0xff, 0x00, 0x83, 0x35, 0xbf, 0xe1, 0xa8, 0x3f, 0x65, 
0x8f, 0x86, 0x9f, 0x13, 0x3f, 0xe1, 0xa3, 0xbf, 0xb0, 0xff, 0x00, 0xe1, 0x62, 0x78, 0x53, 0x4b, 
0xf1, 0x3f, 0xf6, 0x6f, 0xfc, 0x20, 0x1f, 0x69, 0xfe, 0xcf, 0xfb, 0x6d, 0x9c, 0x57, 0x3e, 0x47, 
0x9b, 0xfd, 0xa4, 0x9e, 0x66, 0xcf, 0x37, 0x6e, 0xfd, 0x8b, 0xbb, 0x6e, 0x76, 0xae, 0x70, 0x3c, 
0xff, 0x00, 0xfe, 0x0a, 0x8f, 0xff, 0x00, 0x06, 0xa5, 0x7f, 0xc3, 0xb5, 0xff, 0x00, 0x61, 0x3f, 
0x1c, 0xfc, 0x6b, 0xff, 0x00, 0x85, 0xf5, 0xff, 0x00, 0x09, 0xa7, 0xfc, 0x21, 0x7f, 0x60, 0xff, 
0x00, 0x89, 0x37, 0xfc, 0x21, 0x3f, 0xd9, 0xdf, 0x6c, 0xfb, 0x56, 0xa1, 0x6d, 0x65, 0xfe, 0xbf, 
0xed, 0xf2, 0xec, 0xdb, 0xf6, 0x8d, 0xff, 0x00, 0xea, 0xdb, 0x3b, 0x31, 0xc6, 0x72, 0x00, 0x3e, 
0xa0, 0xfd, 0xb5, 0xbf, 0x6d, 0x6f, 0x0a, 0xff, 0x00, 0xc1, 0xd9, 0x7f, 0x0b, 0x34, 0xff, 0x00, 
0xd9, 0xcf, 0xf6, 0x73, 0xd3, 0xfc, 0x41, 0xe0, 0xbf, 0x1b, 0x78, 0x2f, 0x55, 0x8f, 0xe2, 0x3d, 
0xf5, 0xf7, 0xc4, 0x78, 0x21, 0xd3, 0xb4, 0xa9, 0x74, 0xeb, 0x58, 0x66, 0xd3, 0xa4, 0x8a, 0x39, 
0x2c, 0x65, 0xbd, 0x94, 0xdc, 0x19, 0xb5, 0x4b, 0x76, 0x55, 0x68, 0x95, 0x0a, 0x24, 0xa4, 0xb8, 
0x21, 0x55, 0xbe, 0xef, 0xff, 0x00, 0x83, 0x7a, 0x7f, 0xe0, 0x97, 0xfe, 0x3e, 0xff, 0x00, 0x82, 
0x4c, 0xfe, 0xc5, 0xfe, 0x27, 0xf8, 0x73, 0xf1, 0x1b, 0x57, 0xf0, 0x7e, 0xb5, 0xad, 0xeb, 0x5e, 
0x35, 0xba, 0xf1, 0x24, 0x13, 0xf8, 0x6e, 0xea, 0xe6, 0xe6, 0xd5, 0x2d, 0xe5, 0xb1, 0xb0, 0xb7, 
0x54, 0x66, 0x9e, 0x08, 0x5c, 0x48, 0x1e, 0xd6, 0x42, 0x40, 0x42, 0x30, 0x57, 0xe6, 0x24, 0x90, 
0x3f, 0x9b, 0x1f, 0xf8, 0x22, 0xa7, 0xfc, 0x15, 0x6f, 0xfe, 0x1c, 0xf9, 0xfb, 0x53, 0xeb, 0xff, 
0x00, 0x13, 0x3f, 0xe1, 0x02, 0xff, 0x00, 0x85, 0x89, 0xfd, 0xb9, 0xe1, 0x4b, 0x8f, 0x0c, 0x7f, 
0x66, 0xff, 0x00, 0x6d, 0xff, 0x00, 0x64, 0x79, 0x1e, 0x6d, 0xe5, 0x9d, 0xcf, 0x9f, 0xe6, 0xfd, 
0x9e, 0x7d, 0xd8, 0xfb, 0x26, 0xdd, 0x9b, 0x06, 0x7c, 0xcc, 0xee, 0x1b, 0x70, 0x7f, 0xa7, 0xef, 
0xf8, 0x22, 0xa7, 0xfc, 0x15, 0x6f, 0xfe, 0x1f, 0x07, 0xfb, 0x2c, 0x6b, 0xff, 0x00, 0x13, 0x3f, 
0xe1, 0x02, 0xff, 0x00, 0x85, 0x77, 0xfd, 0x87, 0xe2, 0xbb, 0x8f, 0x0c, 0x7f, 0x66, 0xff, 0x00, 
0x6d, 0xff, 0x00, 0x6b, 0xf9, 0xfe, 0x55, 0x9d, 0x9d, 0xcf, 0x9f, 0xe6, 0xfd, 0x9e, 0x0d, 0xb9, 
0xfb, 0x5e, 0xdd, 0x9b, 0x0e, 0x3c, 0xbc, 0xee, 0x3b, 0xb0, 0x00, 0x3c, 0x7f, 0xf6, 0xf5, 0xff, 
0x00, 0x83, 0xa0, 0x7e, 0x01, 0x7f, 0xc1, 0x3b, 0x7f, 0x6b, 0x1f, 0x15, 0xfc, 0x1c, 0xf1, 0xaf, 
0x84, 0x3e, 0x30, 0x6a, 0x9e, 0x27, 0xf0, 0x7f, 0xd8, 0xfe, 0xdb, 0x75, 0xa2, 0x69, 0x5a, 0x74, 
0xf6, 0x12, 0xfd, 0xa6, 0xce, 0x0b, 0xc8, 0xfc, 0xb7, 0x9a, 0xfa, 0x29, 0x0e, 0x23, 0xb8, 0x40, 
0x77, 0x46, 0xb8, 0x60, 0xc0, 0x64, 0x60, 0x9f, 0xcc, 0x0f, 0x84, 0xff, 0x00, 0xf0, 0x6b, 0xf7, 
0xc7, 0xdf, 0xf8, 0x26, 0xbf, 0xc5, 0x3f, 0x0d, 0x7e, 0xd1, 0x9e, 0x3a, 0xf1, 0x7f, 0xc1, 0xfd, 
0x5b, 0xc1, 0x3f, 0x00, 0x75, 0x5b, 0x5f, 0x88, 0xfe, 0x21, 0xb1, 0xd0, 0xb5, 0x5d, 0x46, 0x7d, 
0x56, 0xf3, 0x4e, 0xd1, 0xe6, 0x4d, 0x46, 0xe6, 0x2b, 0x48, 0xe6, 0xb1, 0x8a, 0x27, 0xb8, 0x68, 
0x6d, 0xdd, 0x63, 0x59, 0x25, 0x8d, 0x0b, 0x95, 0x0c, 0xe8, 0x09, 0x61, 0xf7, 0x07, 0xfc, 0x15, 
0x1f, 0xfe, 0x0d, 0x4a, 0xff, 0x00, 0x87, 0x94, 0x7e, 0xdd, 0x9e, 0x39, 0xf8, 0xd7, 0xff, 0x00, 
0x0b, 0xeb, 0xfe, 0x10, 0xbf, 0xf8, 0x4d, 0x3e, 0xc1, 0xff, 0x00, 0x12, 0x6f, 0xf8, 0x42, 0x7f, 
0xb4, 0x7e, 0xc7, 0xf6, 0x5d, 0x3e, 0xda, 0xcb, 0xfd, 0x7f, 0xdb, 0xe2, 0xdf, 0xbb, 0xec, 0xfb, 
0xff, 0x00, 0xd5, 0xae, 0x37, 0xe3, 0x9c, 0x64, 0xfe, 0x9f, 0x7e, 0xd6, 0x3f, 0x02, 0xff, 0x00, 
0xe1, 0xa8, 0x3f, 0x65, 0x8f, 0x89, 0x7f, 0x0c, 0xff, 0x00, 0xb5, 0x3f, 0xb0, 0xff, 0x00, 0xe1, 
0x62, 0x78, 0x53, 0x54, 0xf0, 0xc7, 0xf6, 0x97, 0xd9, 0xbe, 0xd3, 0xfd, 0x9f, 0xf6, 0xdb, 0x39, 
0x6d, 0xbc, 0xff, 0x00, 0x2b, 0x7a, 0x79, 0x9b, 0x3c, 0xdd, 0xdb, 0x37, 0xae, 0xed, 0xb8, 0xdc, 
0xb9, 0xc8, 0x00, 0xf8, 0x83, 0xf6, 0x0a, 0xff, 0x00, 0x83, 0xa0, 0x7e, 0x01, 0x7f, 0xc1, 0x44, 
0xbf, 0x6b, 0x1f, 0x0a, 0x7c, 0x1c, 0xf0, 0x57, 0x84, 0x3e, 0x30, 0x69, 0x7e, 0x27, 0xf1, 0x87, 
0xdb, 0x3e, 0xc5, 0x75, 0xad, 0xe9, 0x5a, 0x74, 0x16, 0x11, 0x7d, 0x9a, 0xce, 0x7b, 0xc9, 0x3c, 
0xc7, 0x86, 0xfa, 0x59, 0x06, 0x63, 0xb7, 0x70, 0x36, 0xc6, 0xd9, 0x62, 0xa0, 0xe0, 0x64, 0x8f, 
0x60, 0xff, 0x00, 0x82, 0xad, 0xff, 0x00, 0xc1, 0x6a, 0xfe, 0x16, 0x7f, 0xc1, 0x1f, 0x3f, 0xe1, 
0x02, 0xff, 0x00, 0x85, 0x99, 0xa0, 0x7c, 0x40, 0xd7, 0x3f, 0xe1, 0x62, 0x7f, 0x68, 0x7f, 0x66, 
0xff, 0x00, 0xc2, 0x31, 0x63, 0x67, 0x73, 0xe4, 0x7d, 0x8b, 0xec, 0xbe, 0x6f, 0x9d, 0xf6, 0x8b, 
0x98, 0x36, 0xe7, 0xed, 0x71, 0xed, 0xdb, 0xbb, 0x3b, 0x5f, 0x3b, 0x70, 0x33, 0xf2, 0x07, 0xfc, 
0x12, 0xe3, 0xfe, 0x0d, 0x4a, 0xff, 0x00, 0x87, 0x6b, 0xfe, 0xdd, 0x9e, 0x06, 0xf8, 0xd7, 0xff, 
0x00, 0x0b, 0xeb, 0xfe, 0x13, 0x4f, 0xf8, 0x42, 0xfe, 0xdf, 0xff, 0x00, 0x12, 0x6f, 0xf8, 0x42, 
0x7f, 0xb3, 0xbe, 0xd9, 0xf6, 0xad, 0x3e, 0xe6, 0xcb, 0xfd, 0x7f, 0xdb, 0xe5, 0xd9, 0xb7, 0xed, 
0x1b, 0xff, 0x00, 0xd5, 0xb6, 0x76, 0x63, 0x8c, 0xe4, 0x7c, 0xff, 0x00, 0xff, 0x00, 0x07, 0xce, 
0x7f, 0xcd, 0xae, 0xff, 0x00, 0xdc, 0xd7, 0xff, 0x00, 0xb8, 0x5a, 0x00, 0xfd, 0x6f, 0xff, 0x00, 
0x82, 0x5f, 0xff, 0x00, 0xc1, 0x50, 0x3c, 0x03, 0xff, 0x00, 0x05, 0x66, 0xf8, 0x05, 0xab, 0xfc, 
0x46, 0xf8, 0x73, 0xa4, 0x78, 0xc3, 0x45, 0xd1, 0x34, 0x5f, 0x10, 0x4d, 0xe1, 0xb9, 0xe0, 0xf1, 
0x25, 0xad, 0xb5, 0xb5, 0xd3, 0xdc, 0x45, 0x6d, 0x6d, 0x70, 0xce, 0xab, 0x04, 0xf3, 0x21, 0x8c, 
0xa5, 0xd4, 0x60, 0x12, 0xe0, 0xe4, 0x37, 0xca, 0x00, 0x04, 0x95, 0xf0, 0x87, 0xfc, 0x19, 0x53, 
0xff, 0x00, 0x28, 0xb2, 0xf1, 0xf7, 0xfd, 0x95, 0x5d, 0x47, 0xff, 0x00, 0x4d, 0x1a, 0x3d, 0x14, 
0x01, 0xe3, 0xff, 0x00, 0xf0, 0x74, 0x0f, 0xfc, 0x16, 0x67, 0xf6, 0x93, 0xff, 0x00, 0x82, 0x76, 
0xfe, 0xdf, 0x5e, 0x10, 0xf0, 0x57, 0xc1, 0xcf, 0x89, 0x1f, 0xf0, 0x87, 0xf8, 0x63, 0x54, 0xf8, 
0x7f, 0x67, 0xad, 0xdd, 0x59, 0x7f, 0xc2, 0x3f, 0xa5, 0xea, 0x1e, 0x6d, 0xe4, 0x9a, 0x8e, 0xa5, 
0x0b, 0xcb, 0xe6, 0x5d, 0x5b, 0x4b, 0x20, 0xcc, 0x76, 0xf0, 0xae, 0xd0, 0xc1, 0x46, 0xcc, 0x81, 
0x92, 0x49, 0xfd, 0x1f, 0xff, 0x00, 0x82, 0x0a, 0xfe, 0xd4, 0x7e, 0x3b, 0xfd, 0xb4, 0x7f, 0xe0, 
0x93, 0xdf, 0x0a, 0x7e, 0x26, 0x7c, 0x4b, 0xd7, 0x7f, 0xe1, 0x25, 0xf1, 0xb7, 0x89, 0x7f, 0xb5, 
0xff, 0x00, 0xb4, 0xb5, 0x2f, 0xb1, 0x5b, 0xd9, 0xfd, 0xa7, 0xc8, 0xd6, 0x2f, 0xad, 0xa2, 0xfd, 
0xd5, 0xbc, 0x71, 0xc4, 0xbb, 0x61, 0x86, 0x35, 0xf9, 0x50, 0x67, 0x6e, 0x4e, 0x49, 0x24, 0xfb, 
0x7f, 0xc6, 0xbf, 0xd8, 0x8b, 0xe0, 0xbf, 0xed, 0x29, 0xe2, 0xab, 0x7d, 0x77, 0xe2, 0x37, 0xc2, 
0x1f, 0x85, 0xfe, 0x3f, 0xd6, 0xed, 0x2d, 0x16, 0xc2, 0x0d, 0x43, 0xc4, 0x9e, 0x15, 0xb1, 0xd5, 
0x6e, 0xa1, 0xb7, 0x57, 0x77, 0x58, 0x56, 0x59, 0xe2, 0x77, 0x58, 0xc3, 0xc9, 0x23, 0x04, 0x07, 
0x00, 0xc8, 0xc7, 0x19, 0x63, 0x5d, 0x87, 0xc2, 0xdf, 0x84, 0xfe, 0x15, 0xf8, 0x1d, 0xe0, 0x4b, 
0x1f, 0x0b, 0x78, 0x2b, 0xc3, 0x3e, 0x1f, 0xf0, 0x7f, 0x86, 0x34, 0xbf, 0x33, 0xec, 0x5a, 0x46, 
0x89, 0xa7, 0x43, 0xa7, 0xd8, 0x5a, 0x79, 0x92, 0x34, 0xb2, 0x79, 0x70, 0x42, 0xab, 0x1a, 0x6e, 
0x91, 0xdd, 0xce, 0xd0, 0x32, 0xce, 0xc4, 0xf2, 0x49, 0xa0, 0x0f, 0x90, 0x3e, 0x13, 0xff, 0x00, 
0xc1, 0xb8, 0x7f, 0xb1, 0x8f, 0xc0, 0xef, 0x8a, 0x7e, 0x1a, 0xf1, 0xaf, 0x85, 0xbe, 0x0d, 0xff, 
0x00, 0x65, 0xf8, 0x9f, 0xc1, 0xfa, 0xad, 0xae, 0xb7, 0xa4, 0x5e, 0xff, 0x00, 0xc2, 0x5b, 0xae, 
0x4f, 0xf6, 0x4b, 0xcb, 0x69, 0x92, 0x68, 0x25, 0xf2, 0xe4, 0xbd, 0x68, 0xdf, 0x6c, 0x88, 0xad, 
0xb5, 0xd5, 0x94, 0xe3, 0x04, 0x11, 0x91, 0x5d, 0x07, 0xfc, 0x17, 0xab, 0xf6, 0xa3, 0xf1, 0xdf, 
0xec, 0x5d, 0xff, 0x00, 0x04, 0x9e, 0xf8, 0xad, 0xf1, 0x33, 0xe1, 0xa6, 0xbb, 0xff, 0x00, 0x08, 
0xd7, 0x8d, 0xbc, 0x35, 0xfd, 0x91, 0xfd, 0x9b, 0xa9, 0x7d, 0x8a, 0xde, 0xf3, 0xec, 0xde, 0x7e, 
0xb1, 0x63, 0x6d, 0x2f, 0xee, 0xae, 0x23, 0x92, 0x26, 0xdd, 0x0c, 0xd2, 0x2f, 0xcc, 0x87, 0x1b, 
0xb2, 0x30, 0x40, 0x23, 0xf9, 0xb1, 0xff, 0x00, 0x82, 0x64, 0xff, 0x00, 0xc1, 0x4d, 0xbf, 0x69, 
0x2f, 0x1e, 0xff, 0x00, 0xc1, 0x49, 0x3f, 0x67, 0xcd, 0x0b, 0x5d, 0xfd, 0xa0, 0xfe, 0x38, 0x6b, 
0x5a, 0x26, 0xb5, 0xf1, 0x2b, 0xc3, 0x96, 0x1a, 0x86, 0x9f, 0x7f, 0xe3, 0xad, 0x52, 0xe6, 0xd6, 
0xfe, 0xde, 0x5d, 0x52, 0xd9, 0x25, 0x86, 0x58, 0x9e, 0x72, 0x92, 0x46, 0xe8, 0xcc, 0xac, 0x8c, 
0x08, 0x60, 0x48, 0x20, 0x83, 0x5f, 0xd0, 0x77, 0xfc, 0x1d, 0x1d, 0xff, 0x00, 0x28, 0x28, 0xf8, 
0xe7, 0xff, 0x00, 0x70, 0x0f, 0xfd, 0x48, 0x74, 0xca, 0x00, 0xfc, 0x01, 0xff, 0x00, 0x88, 0xa3, 
0xbf, 0x6e, 0xcf, 0xfa, 0x2e, 0x7f, 0xf9, 0x66, 0x78, 0x7b, 0xff, 0x00, 0x90, 0x68, 0xff, 0x00, 
0x88, 0xa3, 0xbf, 0x6e, 0xcf, 0xfa, 0x2e, 0x7f, 0xf9, 0x66, 0x78, 0x7b, 0xff, 0x00, 0x90, 0x6b, 
0xe0, 0x0a, 0xfe, 0x8b, 0xbf, 0xe0, 0xd1, 0x4f, 0xd8, 0x8b, 0xe0, 0xbf, 0xed, 0x29, 0xff, 0x00, 
0x04, 0xdb, 0xf1, 0xb6, 0xbb, 0xf1, 0x1b, 0xe1, 0x0f, 0xc2, 0xff, 0x00, 0x1f, 0xeb, 0x76, 0x9f, 
0x12, 0xaf, 0xec, 0x20, 0xd4, 0x3c, 0x49, 0xe1, 0x5b, 0x1d, 0x56, 0xea, 0x1b, 0x75, 0xd2, 0xf4, 
0xa7, 0x58, 0x56, 0x59, 0xe2, 0x77, 0x58, 0xc3, 0xc9, 0x23, 0x04, 0x07, 0x00, 0xc8, 0xc7, 0x19, 
0x63, 0x40, 0x1f, 0xcf, 0x8f, 0xc5, 0x9f, 0x8a, 0x5a, 0xef, 0xc7, 0x1f, 0x8a, 0x7e, 0x26, 0xf1, 
0xaf, 0x8a, 0x6f, 0xbf, 0xb5, 0x3c, 0x4f, 0xe3, 0x0d, 0x56, 0xeb, 0x5b, 0xd5, 0xef, 0x7c, 0x98, 
0xe0, 0xfb, 0x5d, 0xe5, 0xcc, 0xcf, 0x34, 0xf2, 0xf9, 0x71, 0xaa, 0xc6, 0x9b, 0xa4, 0x76, 0x6d, 
0xa8, 0xaa, 0xa3, 0x38, 0x00, 0x0c, 0x0a, 0xfe, 0xd7, 0x7f, 0xe0, 0xac, 0x5f, 0xf2, 0x8b, 0x2f, 
0xda, 0x5b, 0xfe, 0xc9, 0x57, 0x8a, 0x3f, 0xf4, 0xd1, 0x75, 0x5f, 0xc7, 0x97, 0xfc, 0x14, 0xdb, 
0xc2, 0x7a, 0x57, 0x80, 0xbf, 0xe0, 0xa4, 0x9f, 0xb4, 0x1e, 0x85, 0xa1, 0x69, 0x9a, 0x7e, 0x8b, 
0xa2, 0x68, 0xbf, 0x12, 0xbc, 0x47, 0x61, 0xa7, 0xe9, 0xf6, 0x16, 0xe9, 0x6d, 0x6b, 0x61, 0x6f, 
0x16, 0xa9, 0x72, 0x91, 0x43, 0x14, 0x48, 0x02, 0x47, 0x1a, 0x22, 0xaa, 0xaa, 0x28, 0x01, 0x40, 
0x00, 0x00, 0x05, 0x7f, 0x61, 0xbf, 0xf0, 0x56, 0x2f, 0xf9, 0x45, 0x97, 0xed, 0x2d, 0xff, 0x00, 
0x64, 0xab, 0xc5, 0x1f, 0xfa, 0x68, 0xba, 0xa0, 0x0f, 0xe2, 0x0a, 0xbf, 0x5f, 0xbf, 0xe0, 0xd4, 
0xaf, 0xf8, 0x25, 0xc7, 0xc0, 0x9f, 0xf8, 0x29, 0x47, 0xfc, 0x2f, 0xaf, 0xf8, 0x5d, 0x7e, 0x06, 
0xff, 0x00, 0x84, 0xd3, 0xfe, 0x10, 0xbf, 0xf8, 0x47, 0xbf, 0xb1, 0xbf, 0xe2, 0x75, 0xa8, 0x69, 
0xdf, 0x63, 0xfb, 0x57, 0xf6, 0xa7, 0x9f, 0xff, 0x00, 0x1e, 0x93, 0xc5, 0xbf, 0x77, 0xd9, 0xe1, 
0xfb, 0xfb, 0xb1, 0xb3, 0x8c, 0x64, 0xe7, 0x90, 0xff, 0x00, 0x83, 0x45, 0x3f, 0x67, 0xaf, 0x00, 
0xfe, 0xd2, 0x9f, 0xf0, 0x52, 0x4f, 0x1b, 0x68, 0x5f, 0x11, 0xbc, 0x0f, 0xe0, 0xff, 0x00, 0x1f, 
0xe8, 0x96, 0x9f, 0x0d, 0x6f, 0xef, 0xe0, 0xd3, 0xfc, 0x49, 0xa3, 0x5b, 0x6a, 0xb6, 0xb0, 0xdc, 
0x2e, 0xa9, 0xa5, 0x22, 0xcc, 0xb1, 0x4e, 0x8e, 0x8b, 0x20, 0x49, 0x24, 0x50, 0xe0, 0x64, 0x09, 
0x18, 0x67, 0x0c, 0x6b, 0xfa, 0x6d, 0xf8, 0x17, 0xfb, 0x27, 0x7c, 0x2c, 0xfd, 0x97, 0xff, 0x00, 
0xb5, 0x3f, 0xe1, 0x59, 0xfc, 0x34, 0xf8, 0x7f, 0xf0, 0xef, 0xfb, 0x73, 0xca, 0xfe, 0xd2, 0xff, 
0x00, 0x84, 0x63, 0xc3, 0xd6, 0x7a, 0x47, 0xf6, 0x87, 0x95, 0xbf, 0xca, 0xf3, 0xbe, 0xcf, 0x1a, 
0x79, 0x9b, 0x3c, 0xd9, 0x36, 0xee, 0xce, 0xdf, 0x31, 0xf1, 0x8d, 0xc7, 0x20, 0x1f, 0xc8, 0x17, 
0xfc, 0x17, 0xab, 0xf6, 0x5c, 0xf0, 0x27, 0xec, 0x5d, 0xff, 0x00, 0x05, 0x62, 0xf8, 0xad, 0xf0, 
0xcf, 0xe1, 0xa6, 0x85, 0xff, 0x00, 0x08, 0xd7, 0x82, 0x7c, 0x35, 0xfd, 0x91, 0xfd, 0x9b, 0xa6, 
0xfd, 0xb6, 0xe2, 0xf3, 0xec, 0xde, 0x7e, 0x8f, 0x63, 0x73, 0x2f, 0xef, 0x6e, 0x24, 0x92, 0x56, 
0xdd, 0x34, 0xd2, 0x37, 0xcc, 0xe7, 0x1b, 0xb0, 0x30, 0x00, 0x03, 0xe4, 0x0a, 0xfe, 0xe7, 0x3e, 
0x29, 0x7f, 0xc1, 0x3d, 0xbe, 0x01, 0x7c, 0x71, 0xf1, 0xdd, 0xf7, 0x8a, 0x7c, 0x6b, 0xf0, 0x3f, 
0xe0, 0xff, 0x00, 0x8c, 0x3c, 0x4f, 0xaa, 0x79, 0x7f, 0x6d, 0xd5, 0xf5, 0xbf, 0x06, 0xe9, 0xda, 
0x85, 0xfd, 0xdf, 0x97, 0x1a, 0xc5, 0x1f, 0x99, 0x3c, 0xd0, 0xb4, 0x8f, 0xb6, 0x34, 0x44, 0x1b, 
0x89, 0xc2, 0xa2, 0x81, 0xc0, 0x02, 0xb0, 0x3f, 0xe1, 0xd3, 0xbf, 0xb2, 0xc7, 0xfd, 0x1b, 0x4f, 
0xec, 0xff, 0x00, 0xff, 0x00, 0x86, 0xf3, 0x48, 0xff, 0x00, 0xe4, 0x7a, 0x00, 0xfe, 0x20, 0xa8, 
0xaf, 0xed, 0xf7, 0xfe, 0x1d, 0x3b, 0xfb, 0x2c, 0x7f, 0xd1, 0xb4, 0xfe, 0xcf, 0xff, 0x00, 0xf8, 
0x6f, 0x34, 0x8f, 0xfe, 0x47, 0xa3, 0xfe, 0x1d, 0x3b, 0xfb, 0x2c, 0x7f, 0xd1, 0xb4, 0xfe, 0xcf, 
0xff, 0x00, 0xf8, 0x6f, 0x34, 0x8f, 0xfe, 0x47, 0xa0, 0x0f, 0xe4, 0x87, 0xf6, 0x29, 0xff, 0x00, 
0x82, 0xcc, 0xfe, 0xd2, 0x7f, 0xf0, 0x4e, 0xdf, 0x85, 0x9a, 0x87, 0x82, 0xbe, 0x0e, 0x7c, 0x48, 
0xff, 0x00, 0x84, 0x3f, 0xc3, 0x1a, 0xa6, 0xab, 0x26, 0xb7, 0x75, 0x65, 0xff, 0x00, 0x08, 0xfe, 
0x97, 0xa8, 0x79, 0xb7, 0x92, 0x43, 0x0c, 0x2f, 0x2f, 0x99, 0x75, 0x6d, 0x2c, 0x83, 0x31, 0xdb, 
0xc2, 0xbb, 0x43, 0x05, 0x1b, 0x32, 0x06, 0x49, 0x27, 0xc8, 0x3f, 0x6a, 0x3f, 0xda, 0x8f, 0xc7, 
0x7f, 0xb6, 0x8f, 0xc7, 0x6d, 0x77, 0xe2, 0x67, 0xc4, 0xbd, 0x77, 0xfe, 0x12, 0x5f, 0x1b, 0x78, 
0x97, 0xec, 0xff, 0x00, 0xda, 0x5a, 0x97, 0xd8, 0xad, 0xec, 0xfe, 0xd3, 0xe4, 0x5b, 0xc5, 0x6d, 
0x17, 0xee, 0xad, 0xe3, 0x8e, 0x25, 0xdb, 0x0c, 0x31, 0xaf, 0xca, 0x83, 0x3b, 0x72, 0x72, 0x49, 
0x27, 0xf4, 0x3f, 0xfe, 0x0e, 0xeb, 0xfd, 0x9e, 0xbc, 0x03, 0xfb, 0x35, 0xff, 0x00, 0xc1, 0x49, 
0x3c, 0x13, 0xa1, 0x7c, 0x39, 0xf0, 0x3f, 0x83, 0xfc, 0x01, 0xa2, 0x5d, 0xfc, 0x35, 0xb0, 0xbf, 
0x9f, 0x4f, 0xf0, 0xde, 0x8d, 0x6d, 0xa5, 0x5a, 0xcd, 0x70, 0xda, 0xa6, 0xaa, 0x8d, 0x33, 0x45, 
0x02, 0x22, 0x34, 0x85, 0x23, 0x8d, 0x4b, 0x91, 0x92, 0x23, 0x51, 0x9c, 0x28, 0xaf, 0xd4, 0xef, 
0xf8, 0x37, 0x0f, 0xfe, 0x09, 0xed, 0xf0, 0x0b, 0xe3, 0x8f, 0xfc, 0x11, 0x8f, 0xe0, 0xdf, 0x8a, 
0x7c, 0x6b, 0xf0, 0x3f, 0xe0, 0xff, 0x00, 0x8c, 0x3c, 0x4f, 0xaa, 0x7f, 0x6d, 0xfd, 0xb7, 0x57, 
0xd6, 0xfc, 0x1b, 0xa7, 0x6a, 0x17, 0xf7, 0x7e, 0x5e, 0xb9, 0xa8, 0x45, 0x1f, 0x99, 0x3c, 0xd0, 
0xb4, 0x8f, 0xb6, 0x34, 0x44, 0x1b, 0x89, 0xc2, 0xa2, 0x81, 0xc0, 0x02, 0x80, 0x3e, 0xe0, 0xff, 
0x00, 0x82, 0x4e, 0xff, 0x00, 0xca, 0x2c, 0xbf, 0x66, 0x9f, 0xfb, 0x25, 0x5e, 0x17, 0xff, 0x00, 
0xd3, 0x45, 0xad, 0x7c, 0xff, 0x00, 0xff, 0x00, 0x07, 0x47, 0x7f, 0xca, 0x0a, 0x3e, 0x39, 0xff, 
0x00, 0xdc, 0x03, 0xff, 0x00, 0x52, 0x1d, 0x32, 0xbf, 0x9e, 0x1f, 0xf8, 0x28, 0x4f, 0xfc, 0x14, 
0x27, 0xe3, 0xef, 0xc0, 0x4f, 0xdb, 0xeb, 0xe3, 0x87, 0x81, 0x7c, 0x0b, 0xf1, 0xc3, 0xe3, 0x07, 
0x82, 0xfc, 0x13, 0xe0, 0xbf, 0x88, 0x1a, 0xf6, 0x85, 0xe1, 0xef, 0x0f, 0x68, 0x5e, 0x32, 0xd4, 
0x74, 0xed, 0x2b, 0x42, 0xd3, 0xad, 0x75, 0x1b, 0x88, 0x2d, 0xac, 0xad, 0x2d, 0xa1, 0x99, 0x62, 
0x82, 0xde, 0x18, 0x51, 0x23, 0x8e, 0x28, 0xd5, 0x51, 0x11, 0x15, 0x54, 0x00, 0x00, 0xaf, 0x00, 
0xf8, 0xa5, 0xff, 0x00, 0x05, 0x09, 0xf8, 0xfb, 0xf1, 0xc7, 0xc0, 0x97, 0xde, 0x16, 0xf1, 0xaf, 
0xc7, 0x0f, 0x8c, 0x1e, 0x30, 0xf0, 0xc6, 0xa9, 0xe5, 0xfd, 0xb7, 0x48, 0xd6, 0xfc, 0x65, 0xa8, 
0xea, 0x16, 0x17, 0x7e, 0x5c, 0x8b, 0x2c, 0x7e, 0x64, 0x13, 0x4c, 0xd1, 0xbe, 0xd9, 0x11, 0x1c, 
0x6e, 0x07, 0x0c, 0x8a, 0x47, 0x20, 0x1a, 0x00, 0xfa, 0xff, 0x00, 0xfe, 0x0d, 0x7e, 0xfd, 0x82, 
0xbe, 0x13, 0xff, 0x00, 0xc1, 0x44, 0xbf, 0x6f, 0xaf, 0x17, 0xf8, 0x2b, 0xe3, 0x1f, 0x85, 0x3f, 
0xe1, 0x30, 0xf0, 0xc6, 0x97, 0xf0, 0xfe, 0xf3, 0x5b, 0xb5, 0xb2, 0xfe, 0xd3, 0xbc, 0xd3, 0xfc, 
0xab, 0xc8, 0xf5, 0x1d, 0x36, 0x14, 0x97, 0xcc, 0xb5, 0x96, 0x29, 0x0e, 0x23, 0xb8, 0x99, 0x76, 
0x96, 0x2a, 0x77, 0xe4, 0x8c, 0x80, 0x47, 0xd3, 0xff, 0x00, 0xf0, 0x5a, 0xbf, 0xda, 0x8f, 0xc7, 
0x7f, 0xf0, 0x6e, 0xe7, 0xed, 0x4f, 0xa0, 0x7c, 0x14, 0xfd, 0x8e, 0xb5, 0xdf, 0xf8, 0x53, 0xff, 
0x00, 0x0c, 0xbc, 0x51, 0xe1, 0x4b, 0x7f, 0x1b, 0x6a, 0x7a, 0x37, 0xd8, 0xad, 0xfc, 0x41, 0xf6, 
0x9d, 0x62, 0xe2, 0xf2, 0xf2, 0xca, 0x5b, 0xaf, 0x3f, 0x54, 0x8e, 0xea, 0x75, 0xdd, 0x6f, 0xa7, 
0xda, 0x27, 0x96, 0xb2, 0x08, 0xc7, 0x95, 0x90, 0x81, 0x99, 0xcb, 0x7e, 0x38, 0xfc, 0x14, 0xfd, 
0xa1, 0x7c, 0x7d, 0xfb, 0x35, 0xf8, 0xaa, 0xe3, 0x5d, 0xf8, 0x73, 0xe3, 0x8f, 0x18, 0x78, 0x03, 
0x5b, 0xbb, 0xb4, 0x6b, 0x09, 0xf5, 0x0f, 0x0d, 0xeb, 0x37, 0x3a, 0x55, 0xd4, 0xd6, 0xec, 0xe8, 
0xed, 0x0b, 0x4b, 0x03, 0xa3, 0xb4, 0x65, 0xe3, 0x8d, 0x8a, 0x13, 0x82, 0x63, 0x53, 0x8c, 0xa8, 
0xa3, 0xe3, 0x5f, 0xed, 0x0b, 0xe3, 0xef, 0xda, 0x53, 0xc5, 0x56, 0xfa, 0xef, 0xc4, 0x6f, 0x1c, 
0x78, 0xc3, 0xc7, 0xfa, 0xdd, 0xa5, 0xa2, 0xd8, 0x41, 0xa8, 0x78, 0x93, 0x59, 0xb9, 0xd5, 0x6e, 
0xa1, 0xb7, 0x57, 0x77, 0x58, 0x56, 0x59, 0xdd, 0xdd, 0x63, 0x0f, 0x24, 0x8c, 0x10, 0x1c, 0x03, 
0x23, 0x1c, 0x65, 0x8d, 0x00, 0x7d, 0x9f, 0xff, 0x00, 0x11, 0x47, 0x7e, 0xdd, 0x9f, 0xf4, 0x5c, 
0xff, 0x00, 0xf2, 0xcc, 0xf0, 0xf7, 0xff, 0x00, 0x20, 0xd7, 0xf5, 0x3b, 0xff, 0x00, 0x05, 0x09, 
0xf8, 0xa5, 0xae, 0xfc, 0x0e, 0xfd, 0x81, 0x7e, 0x38, 0x78, 0xd7, 0xc2, 0xd7, 0xdf, 0xd9, 0x7e, 
0x27, 0xf0, 0x7f, 0xc3, 0xfd, 0x7b, 0x5b, 0xd2, 0x2f, 0x7c, 0x98, 0xe7, 0xfb, 0x25, 0xe5, 0xb6, 
0x9d, 0x71, 0x34, 0x12, 0xf9, 0x72, 0x2b, 0x46, 0xfb, 0x64, 0x45, 0x6d, 0xae, 0xac, 0xa7, 0x18, 
0x20, 0x8c, 0x8a, 0xf8, 0x03, 0xfe, 0x0d, 0xc3, 0xff, 0x00, 0x82, 0x7b, 0x7c, 0x02, 0xf8, 0xe3, 
0xff, 0x00, 0x04, 0x63, 0xf8, 0x37, 0xe2, 0x9f, 0x1a, 0xfc, 0x0f, 0xf8, 0x3f, 0xe3, 0x0f, 0x13, 
0xea, 0x9f, 0xdb, 0x7f, 0x6d, 0xd5, 0xf5, 0xbf, 0x06, 0xe9, 0xda, 0x85, 0xfd, 0xdf, 0x97, 0xae, 
0x6a, 0x11, 0x47, 0xe6, 0x4f, 0x34, 0x2d, 0x23, 0xed, 0x8d, 0x11, 0x06, 0xe2, 0x70, 0xa8, 0xa0, 
0x70, 0x00, 0xaf, 0xe7, 0x4b, 0xc5, 0x9f, 0xf0, 0x53, 0x6f, 0xda, 0x4b, 0xc7, 0xbe, 0x15, 0xd4, 
0xf4, 0x2d, 0x77, 0xf6, 0x83, 0xf8, 0xe1, 0xad, 0x68, 0x9a, 0xd5, 0xa4, 0xb6, 0x1a, 0x86, 0x9f, 
0x7f, 0xe3, 0xad, 0x52, 0xe6, 0xd6, 0xfe, 0xde, 0x54, 0x29, 0x2c, 0x32, 0xc4, 0xf3, 0x94, 0x92, 
0x37, 0x46, 0x65, 0x64, 0x60, 0x43, 0x02, 0x41, 0x04, 0x1a, 0x00, 0xfd, 0x4e, 0xff, 0x00, 0x82, 
0x0a, 0xff, 0x00, 0xc1, 0x7a, 0xbf, 0x6b, 0x1f, 0xdb, 0x47, 0xfe, 0x0a, 0xc5, 0xf0, 0xa7, 0xe1, 
0x9f, 0xc4, 0xbf, 0x8a, 0xdf, 0xf0, 0x92, 0xf8, 0x27, 0xc4, 0xbf, 0xda, 0xff, 0x00, 0xda, 0x5a, 
0x6f, 0xfc, 0x23, 0x3a, 0x3d, 0x9f, 0xda, 0x7c, 0x8d, 0x1e, 0xfa, 0xe6, 0x2f, 0xde, 0xdb, 0xda, 
0x47, 0x2a, 0xed, 0x9a, 0x18, 0xdb, 0xe5, 0x71, 0x9d, 0xb8, 0x39, 0x04, 0x83, 0xfb, 0x7f, 0xfb, 
0x73, 0xff, 0x00, 0xc1, 0x2e, 0x3e, 0x04, 0xff, 0x00, 0xc1, 0x4a, 0x3f, 0xe1, 0x16, 0xff, 0x00, 
0x85, 0xd7, 0xe0, 0x6f, 0xf8, 0x4d, 0x3f, 0xe1, 0x0b, 0xfb, 0x5f, 0xf6, 0x37, 0xfc, 0x4e, 0xb5, 
0x0d, 0x3b, 0xec, 0x7f, 0x6a, 0xf2, 0x3c, 0xff, 0x00, 0xf8, 0xf4, 0x9e, 0x2d, 0xfb, 0xbe, 0xcf, 
0x0f, 0xdf, 0xdd, 0x8d, 0x9c, 0x63, 0x27, 0x3f, 0xc5, 0x17, 0xc2, 0xdf, 0x8b, 0x1e, 0x2a, 0xf8, 
0x1d, 0xe3, 0xbb, 0x1f, 0x14, 0xf8, 0x2b, 0xc4, 0xde, 0x20, 0xf0, 0x7f, 0x89, 0xf4, 0xbf, 0x33, 
0xec, 0x5a, 0xbe, 0x89, 0xa8, 0xcd, 0xa7, 0xdf, 0xda, 0x79, 0x91, 0xb4, 0x52, 0x79, 0x73, 0xc2, 
0xcb, 0x22, 0x6e, 0x8d, 0xdd, 0x0e, 0xd2, 0x32, 0xae, 0xc0, 0xf0, 0x48, 0xaf, 0x5f, 0xff, 0x00, 
0x87, 0xb1, 0x7e, 0xd4, 0xff, 0x00, 0xf4, 0x72, 0xdf, 0xb4, 0x07, 0xfe, 0x1c, 0x3d, 0x5f, 0xff, 
0x00, 0x92, 0x28, 0x03, 0xfb, 0x1d, 0xfd, 0x8a, 0x7f, 0x60, 0xaf, 0x84, 0xff, 0x00, 0xf0, 0x4e, 
0xdf, 0x85, 0x9a, 0x87, 0x82, 0xbe, 0x0e, 0x78, 0x53, 0xfe, 0x10, 0xff, 0x00, 0x0c, 0x6a, 0x9a, 
0xac, 0x9a, 0xdd, 0xd5, 0x97, 0xf6, 0x9d, 0xe6, 0xa1, 0xe6, 0xde, 0x49, 0x0c, 0x30, 0xbc, 0xbe, 
0x65, 0xd4, 0xb2, 0xc8, 0x33, 0x1d, 0xbc, 0x2b, 0xb4, 0x30, 0x51, 0xb3, 0x20, 0x64, 0x92, 0x4a, 
0xf8, 0x43, 0xfe, 0x0d, 0x14, 0xfd, 0xa1, 0x7c, 0x7d, 0xfb, 0x4a, 0x7f, 0xc1, 0x36, 0xfc, 0x6d, 
0xae, 0xfc, 0x46, 0xf1, 0xc7, 0x8c, 0x3c, 0x7f, 0xad, 0xda, 0x7c, 0x4a, 0xbf, 0xb0, 0x83, 0x50, 
0xf1, 0x26, 0xb3, 0x73, 0xaa, 0xdd, 0x43, 0x6e, 0xba, 0x5e, 0x94, 0xeb, 0x0a, 0xcb, 0x3b, 0xbb, 
0xac, 0x61, 0xe4, 0x91, 0x82, 0x03, 0x80, 0x64, 0x63, 0x8c, 0xb1, 0xa2, 0x80, 0x3e, 0x70, 0xff, 
0x00, 0x83, 0xa0, 0x7f, 0xe0, 0x8c, 0xdf, 0xb4, 0x9f, 0xfc, 0x14, 0x4b, 0xf6, 0xfa, 0xf0, 0x87, 
0x8d, 0x7e, 0x0e, 0x7c, 0x37, 0xff, 0x00, 0x84, 0xc3, 0xc3, 0x1a, 0x5f, 0xc3, 0xfb, 0x3d, 0x12, 
0xea, 0xf7, 0xfe, 0x12, 0x0d, 0x2f, 0x4f, 0xf2, 0xaf, 0x23, 0xd4, 0x75, 0x29, 0x9e, 0x2f, 0x2e, 
0xea, 0xe6, 0x29, 0x0e, 0x23, 0xb8, 0x85, 0xb7, 0x05, 0x2a, 0x77, 0xe0, 0x1c, 0x82, 0x07, 0xe1, 
0x0f, 0xed, 0x47, 0xfb, 0x2e, 0x78, 0xef, 0xf6, 0x2e, 0xf8, 0xed, 0xae, 0xfc, 0x33, 0xf8, 0x97, 
0xa1, 0x7f, 0xc2, 0x35, 0xe3, 0x6f, 0x0d, 0x7d, 0x9f, 0xfb, 0x4b, 0x4d, 0xfb, 0x6d, 0xbd, 0xe7, 
0xd9, 0xbc, 0xfb, 0x78, 0xae, 0x62, 0xfd, 0xed, 0xbc, 0x92, 0x44, 0xdb, 0xa1, 0x9a, 0x36, 0xf9, 
0x5c, 0xe3, 0x76, 0x0e, 0x08, 0x20, 0x7f, 0x77, 0x95, 0xf8, 0x43, 0xff, 0x00, 0x05, 0x99, 0xff, 
0x00, 0x83, 0x5f, 0xbe, 0x3e, 0xff, 0x00, 0xc1, 0x44, 0xbf, 0xe0, 0xa4, 0xff, 0x00, 0x12, 0x3e, 
0x31, 0xf8, 0x2b, 0xc5, 0xff, 0x00, 0x07, 0xf4, 0xbf, 0x0c, 0x78, 0xc3, 0xfb, 0x33, 0xec, 0x56, 
0xba, 0xde, 0xab, 0xa8, 0xc1, 0x7f, 0x17, 0xd9, 0xb4, 0xbb, 0x3b, 0x39, 0x3c, 0xc4, 0x86, 0xc6, 
0x58, 0xc6, 0x64, 0xb7, 0x72, 0x36, 0xc8, 0xd9, 0x52, 0xa4, 0xe0, 0xe4, 0x00, 0x0f, 0xb7, 0xff, 
0x00, 0xe2, 0x28, 0xef, 0xd8, 0x4f, 0xfe, 0x8b, 0x9f, 0xfe, 0x59, 0x9e, 0x21, 0xff, 0x00, 0xe4, 
0x1a, 0x3f, 0xe2, 0x28, 0xef, 0xd8, 0x4f, 0xfe, 0x8b, 0x9f, 0xfe, 0x59, 0x9e, 0x21, 0xff, 0x00, 
0xe4, 0x1a, 0xfe, 0x40, 0xab, 0xd8, 0x3f, 0x60, 0xaf, 0xd8, 0xa7, 0xc5, 0x5f, 0xf0, 0x51, 0x2f, 
0xda, 0xc7, 0xc2, 0x9f, 0x07, 0x3c, 0x15, 0xa8, 0x78, 0x7f, 0x4b, 0xf1, 0x3f, 0x8c, 0x3e, 0xd9, 
0xf6, 0x2b, 0xad, 0x6e, 0x79, 0xa0, 0xb0, 0x8b, 0xec, 0xd6, 0x73, 0xde, 0x49, 0xe6, 0x3c, 0x31, 
0x4b, 0x20, 0xcc, 0x76, 0xee, 0x06, 0xd8, 0xdb, 0x2c, 0x54, 0x1c, 0x0c, 0x90, 0x01, 0xfb, 0x3d, 
0xff, 0x00, 0x05, 0xce, 0xff, 0x00, 0x8e, 0x94, 0x3f, 0xe1, 0x57, 0x7f, 0xc3, 0x15, 0x7f, 0xc5, 
0xe8, 0xff, 0x00, 0x85, 0x2f, 0xfd, 0xad, 0xff, 0x00, 0x09, 0x97, 0xfc, 0xcb, 0x9f, 0xd8, 0xff, 
0x00, 0xda, 0x9f, 0x62, 0xfb, 0x0f, 0xfc, 0x85, 0xbe, 0xc9, 0xe7, 0x79, 0xbf, 0xd9, 0xd7, 0x9f, 
0xea, 0x77, 0xec, 0xf2, 0x7e, 0x7d, 0xbb, 0xd3, 0x77, 0xc0, 0x1f, 0xf1, 0x0b, 0x8f, 0xed, 0xd9, 
0xff, 0x00, 0x44, 0x33, 0xff, 0x00, 0x2f, 0x3f, 0x0f, 0x7f, 0xf2, 0x75, 0x7d, 0xff, 0x00, 0xfb, 
0x0c, 0x7f, 0xc7, 0x1f, 0x3f, 0xf0, 0x94, 0xff, 0x00, 0xc3, 0x4b, 0xff, 0x00, 0xc5, 0x71, 0xff, 
0x00, 0x0d, 0x11, 0xf6, 0x4f, 0xf8, 0x47, 0x3f, 0xe1, 0x59, 0x7f, 0xc4, 0xcf, 0xec, 0x5f, 0xd8, 
0xbe, 0x7f, 0xda, 0xbe, 0xd9, 0xfd, 0xa1, 0xf6, 0x1d, 0x9b, 0xff, 0x00, 0xb5, 0xad, 0xbc, 0xbf, 
0x2f, 0xcd, 0xce, 0xc9, 0x77, 0x6c, 0xc2, 0xef, 0xfa, 0x03, 0xfe, 0x23, 0x56, 0xfd, 0x96, 0x3f, 
0xe8, 0x41, 0xfd, 0xa0, 0x3f, 0xf0, 0x47, 0xa4, 0x7f, 0xf2, 0xce, 0x80, 0x3f, 0x9a, 0x1f, 0x8b, 
0x3f, 0x0b, 0x75, 0xdf, 0x81, 0xdf, 0x14, 0xfc, 0x4d, 0xe0, 0xaf, 0x14, 0xd8, 0xff, 0x00, 0x65, 
0xf8, 0x9f, 0xc1, 0xfa, 0xad, 0xd6, 0x89, 0xab, 0xd9, 0x79, 0xd1, 0xcf, 0xf6, 0x4b, 0xcb, 0x69, 
0x9e, 0x19, 0xe2, 0xf3, 0x23, 0x66, 0x8d, 0xf6, 0xc8, 0x8c, 0xbb, 0x91, 0x99, 0x4e, 0x32, 0x09, 
0x18, 0x34, 0x7c, 0x27, 0xf8, 0x5b, 0xae, 0xfc, 0x71, 0xf8, 0xa7, 0xe1, 0xaf, 0x05, 0x78, 0x5a, 
0xc7, 0xfb, 0x53, 0xc4, 0xfe, 0x30, 0xd5, 0x6d, 0x74, 0x4d, 0x22, 0xcb, 0xce, 0x8e, 0x0f, 0xb5, 
0xde, 0x5c, 0xcc, 0x90, 0xc1, 0x17, 0x99, 0x23, 0x2c, 0x69, 0xba, 0x47, 0x55, 0xdc, 0xec, 0xaa, 
0x33, 0x92, 0x40, 0xc9, 0xaf, 0xd7, 0xef, 0x8b, 0x3f, 0xf0, 0x6b, 0xf7, 0xc7, 0xdf, 0xf8, 0x29, 
0x47, 0xc5, 0x3f, 0x13, 0x7e, 0xd1, 0x9e, 0x05, 0xf1, 0x7f, 0xc1, 0xfd, 0x27, 0xc1, 0x3f, 0x1f, 
0xb5, 0x5b, 0xaf, 0x88, 0xfe, 0x1e, 0xb1, 0xd7, 0xb5, 0x5d, 0x46, 0x0d, 0x56, 0xcf, 0x4e, 0xd6, 
0x26, 0x7d, 0x46, 0xda, 0x2b, 0xb8, 0xe1, 0xb1, 0x96, 0x24, 0xb8, 0x58, 0x6e, 0x11, 0x64, 0x58, 
0xe5, 0x91, 0x03, 0x86, 0x0a, 0xee, 0x00, 0x62, 0x7c, 0x27, 0xff, 0x00, 0x83, 0x5f, 0xbe, 0x3e, 
0xff, 0x00, 0xc1, 0x35, 0xfe, 0x29, 0xf8, 0x6b, 0xf6, 0x8c, 0xf1, 0xd7, 0x8b, 0xfe, 0x0f, 0xea, 
0xde, 0x09, 0xf8, 0x03, 0xaa, 0xda, 0xfc, 0x47, 0xf1, 0x0d, 0x8e, 0x85, 0xaa, 0xea, 0x33, 0xea, 
0xb7, 0x9a, 0x76, 0x8f, 0x32, 0x6a, 0x37, 0x31, 0x5a, 0x47, 0x35, 0x8c, 0x51, 0x3d, 0xc3, 0x43, 
0x6e, 0xeb, 0x1a, 0xc9, 0x2c, 0x68, 0x5c, 0xa8, 0x67, 0x40, 0x4b, 0x00, 0x0f, 0x98, 0x3f, 0xe2, 
0x17, 0x1f, 0xdb, 0xb3, 0xfe, 0x88, 0x67, 0xfe, 0x5e, 0x7e, 0x1e, 0xff, 0x00, 0xe4, 0xea, 0xfb, 
0xff, 0x00, 0xfe, 0x08, 0x63, 0xff, 0x00, 0x1c, 0xd7, 0xff, 0x00, 0xc2, 0xd1, 0xff, 0x00, 0x86, 
0xd5, 0xff, 0x00, 0x8b, 0x2f, 0xff, 0x00, 0x0b, 0xa3, 0xfb, 0x27, 0xfe, 0x10, 0xdf, 0xf9, 0x98, 
0xff, 0x00, 0xb6, 0x3f, 0xb2, 0xfe, 0xdb, 0xf6, 0xef, 0xf9, 0x04, 0xfd, 0xaf, 0xc9, 0xf2, 0xbf, 
0xb4, 0x6c, 0xff, 0x00, 0xd7, 0x6c, 0xdf, 0xe7, 0x7c, 0x9b, 0xb6, 0x3e, 0xdf, 0xa0, 0x3f, 0xe2, 
0x35, 0x6f, 0xd9, 0x63, 0xfe, 0x84, 0x1f, 0xda, 0x03, 0xff, 0x00, 0x04, 0x7a, 0x47, 0xff, 0x00, 
0x2c, 0xeb, 0xf3, 0x03, 0xfe, 0x0e, 0x42, 0xff, 0x00, 0x82, 0xd5, 0xfc, 0x2c, 0xff, 0x00, 0x82, 
0xc1, 0xff, 0x00, 0xc2, 0x9a, 0xff, 0x00, 0x85, 0x67, 0xa0, 0x7c, 0x40, 0xd0, 0xff, 0x00, 0xe1, 
0x5d, 0xff, 0x00, 0x6d, 0xff, 0x00, 0x69, 0x7f, 0xc2, 0x4f, 0x63, 0x67, 0x6d, 0xe7, 0xfd, 0xb7, 
0xfb, 0x3f, 0xca, 0xf2, 0x7e, 0xcf, 0x73, 0x3e, 0xec, 0x7d, 0x92, 0x4d, 0xdb, 0xb6, 0xe3, 0x72, 
0x63, 0x76, 0x4e, 0x00, 0x3b, 0xff, 0x00, 0xf8, 0x2a, 0x3f, 0xfc, 0x12, 0xe3, 0xe3, 0xb7, 0xfc, 
0x16, 0x8f, 0xf6, 0xec, 0xf1, 0xcf, 0xed, 0x2f, 0xfb, 0x34, 0x78, 0x1b, 0xfe, 0x16, 0x57, 0xc1, 
0x2f, 0x89, 0x5f, 0x60, 0xff, 0x00, 0x84, 0x73, 0xc4, 0x7f, 0xdb, 0x5a, 0x7e, 0x8d, 0xfd, 0xa3, 
0xf6, 0x1d, 0x3e, 0xdb, 0x4d, 0xba, 0xff, 0x00, 0x45, 0xd4, 0x27, 0xb7, 0xba, 0x8f, 0x65, 0xdd, 
0x9d, 0xcc, 0x7f, 0xbc, 0x89, 0x77, 0x79, 0x7b, 0x97, 0x72, 0x32, 0xb1, 0xfd, 0x3f, 0xfd, 0x93, 
0xbf, 0xe0, 0xbd, 0x5f, 0xb2, 0x77, 0xec, 0x39, 0xfb, 0x2c, 0x7c, 0x34, 0xf8, 0x29, 0xf1, 0x4b, 
0xe2, 0xb7, 0xfc, 0x22, 0xff, 0x00, 0x13, 0x7e, 0x0f, 0xf8, 0x53, 0x4b, 0xf0, 0x4f, 0x8b, 0xb4, 
0x6f, 0xf8, 0x46, 0x75, 0x8b, 0xdf, 0xec, 0x8d, 0x63, 0x4d, 0xb3, 0x8a, 0xca, 0xf6, 0xd7, 0xcf, 
0xb7, 0xb4, 0x92, 0x09, 0xbc, 0xab, 0x88, 0x65, 0x4f, 0x32, 0x19, 0x1e, 0x37, 0xdb, 0x94, 0x76, 
0x52, 0x09, 0xf4, 0x0f, 0xf8, 0x35, 0xc7, 0xfe, 0x50, 0x51, 0xf0, 0x33, 0xfe, 0xe3, 0xff, 0x00, 
0xfa, 0x90, 0xea, 0x75, 0xf9, 0xa1, 0xfb, 0x6e, 0xff, 0x00, 0xc1, 0xa2, 0x9f, 0xb4, 0x97, 0xed, 
0x29, 0xfb, 0x68, 0x7c, 0x5e, 0xf8, 0x8d, 0xa1, 0x78, 0xdb, 0xe0, 0x7d, 0xa6, 0x89, 0xe3, 0xff, 
0x00, 0x1a, 0xeb, 0x3e, 0x24, 0xd3, 0xe0, 0xbf, 0xd6, 0x35, 0x48, 0xee, 0xa1, 0xb7, 0xbc, 0xbe, 
0x9a, 0xe2, 0x24, 0x95, 0x53, 0x4e, 0x74, 0x59, 0x02, 0x48, 0xa1, 0x82, 0xbb, 0x00, 0x41, 0xc3, 
0x11, 0xcd, 0x00, 0x7e, 0xb7, 0xfe, 0xcb, 0x9f, 0xf0, 0x5e, 0xaf, 0xd9, 0x3b, 0xf6, 0xd1, 0xf8, 
0xed, 0xa1, 0x7c, 0x33, 0xf8, 0x69, 0xf1, 0x5b, 0xfe, 0x12, 0x5f, 0x1b, 0x78, 0x97, 0xed, 0x1f, 
0xd9, 0xba, 0x6f, 0xfc, 0x23, 0x3a, 0xc5, 0x9f, 0xda, 0x7c, 0x8b, 0x79, 0x6e, 0x65, 0xfd, 0xed, 
0xc5, 0xa4, 0x71, 0x2e, 0xd8, 0x61, 0x91, 0xbe, 0x67, 0x19, 0xdb, 0x81, 0x92, 0x40, 0x3f, 0x5f, 
0xd7, 0xf2, 0x05, 0xff, 0x00, 0x06, 0xb8, 0xff, 0x00, 0xca, 0x75, 0xfe, 0x06, 0x7f, 0xdc, 0x7f, 
0xff, 0x00, 0x51, 0xed, 0x4e, 0xbf, 0xaf, 0xda, 0x00, 0xfc, 0x21, 0xff, 0x00, 0x83, 0xa0, 0x7f, 
0xe0, 0x8c, 0xdf, 0xb4, 0x9f, 0xfc, 0x14, 0x4b, 0xf6, 0xfa, 0xf0, 0x87, 0x8d, 0x7e, 0x0e, 0x7c, 
0x37, 0xff, 0x00, 0x84, 0xc3, 0xc3, 0x1a, 0x5f, 0xc3, 0xfb, 0x3d, 0x12, 0xea, 0xf7, 0xfe, 0x12, 
0x0d, 0x2f, 0x4f, 0xf2, 0xaf, 0x23, 0xd4, 0x75, 0x29, 0x9e, 0x2f, 0x2e, 0xea, 0xe6, 0x29, 0x0e, 
0x23, 0xb8, 0x85, 0xb7, 0x05, 0x2a, 0x77, 0xe0, 0x1c, 0x82, 0x07, 0xe1, 0x0f, 0xed, 0x47, 0xfb, 
0x2e, 0x78, 0xef, 0xf6, 0x2e, 0xf8, 0xed, 0xae, 0xfc, 0x33, 0xf8, 0x97, 0xa1, 0x7f, 0xc2, 0x35, 
0xe3, 0x6f, 0x0d, 0x7d, 0x9f, 0xfb, 0x4b, 0x4d, 0xfb, 0x6d, 0xbd, 0xe7, 0xd9, 0xbc, 0xfb, 0x78, 
0xae, 0x62, 0xfd, 0xed, 0xbc, 0x92, 0x44, 0xdb, 0xa1, 0x9a, 0x36, 0xf9, 0x5c, 0xe3, 0x76, 0x0e, 
0x08, 0x20, 0x7f, 0x59, 0xbf, 0xf0, 0x54, 0x0f, 0xf8, 0x38, 0x5b, 0xe0, 0xbf, 0xfc, 0x12, 0x67, 
0xe3, 0xee, 0x91, 0xf0, 0xe7, 0xe2, 0x37, 0x86, 0x3e, 0x28, 0x6b, 0x5a, 0xde, 0xb5, 0xe1, 0xf8, 
0x7c, 0x49, 0x04, 0xfe, 0x1b, 0xd3, 0xac, 0x6e, 0x6d, 0x52, 0xde, 0x5b, 0x9b, 0x9b, 0x75, 0x46, 
0x69, 0xef, 0x21, 0x71, 0x20, 0x7b, 0x59, 0x09, 0x01, 0x08, 0xc1, 0x5f, 0x98, 0x92, 0x40, 0xfc, 
0xb0, 0xfd, 0xa8, 0xff, 0x00, 0xe0, 0x8a, 0x9f, 0x14, 0xff, 0x00, 0xe0, 0xe2, 0x3f, 0x8e, 0xda, 
0xef, 0xed, 0x8b, 0xf0, 0x53, 0x5f, 0xf8, 0x7f, 0xe1, 0x7f, 0x86, 0x5f, 0x18, 0x3e, 0xcf, 0xfd, 
0x8d, 0xa6, 0x78, 0xda, 0xfa, 0xf2, 0xcb, 0x5d, 0xb6, 0xfe, 0xcd, 0xb7, 0x8b, 0x48, 0x9f, 0xed, 
0x11, 0x5a, 0x5b, 0x5d, 0x40, 0xbb, 0xae, 0x34, 0xf9, 0x99, 0x36, 0x4e, 0xf9, 0x8d, 0xa3, 0x27, 
0x6b, 0x12, 0x8a, 0x01, 0xf8, 0xc3, 0xf0, 0x9f, 0xe1, 0x6e, 0xbb, 0xf1, 0xc7, 0xe2, 0x9f, 0x86, 
0xbc, 0x15, 0xe1, 0x6b, 0x1f, 0xed, 0x4f, 0x13, 0xf8, 0xc3, 0x55, 0xb5, 0xd1, 0x34, 0x8b, 0x2f, 
0x3a, 0x38, 0x3e, 0xd7, 0x79, 0x73, 0x32, 0x43, 0x04, 0x5e, 0x64, 0x8c, 0xb1, 0xa6, 0xe9, 0x1d, 
0x57, 0x73, 0xb2, 0xa8, 0xce, 0x49, 0x03, 0x26, 0xbf, 0x67, 0xbf, 0xe0, 0x82, 0xbf, 0xf0, 0x41, 
0x5f, 0xda, 0xc7, 0xf6, 0x2e, 0xff, 0x00, 0x82, 0xb1, 0x7c, 0x29, 0xf8, 0x99, 0xf1, 0x2f, 0xe1, 
0x4f, 0xfc, 0x23, 0x5e, 0x09, 0xf0, 0xd7, 0xf6, 0xbf, 0xf6, 0x96, 0xa5, 0xff, 0x00, 0x09, 0x36, 
0x8f, 0x79, 0xf6, 0x6f, 0x3f, 0x47, 0xbe, 0xb6, 0x8b, 0xf7, 0x56, 0xf7, 0x72, 0x4a, 0xdb, 0xa6, 
0x9a, 0x35, 0xf9, 0x50, 0xe3, 0x76, 0x4e, 0x00, 0x24, 0x68, 0x7e, 0xc4, 0x5f, 0xf0, 0x68, 0xa7, 
0xed, 0x25, 0xfb, 0x35, 0xfe, 0xda, 0x1f, 0x08, 0x7e, 0x23, 0x6b, 0xbe, 0x36, 0xf8, 0x1f, 0x77, 
0xa2, 0x78, 0x03, 0xc6, 0xba, 0x37, 0x89, 0x35, 0x08, 0x2c, 0x35, 0x8d, 0x52, 0x4b, 0xa9, 0xad, 
0xec, 0xef, 0xa1, 0xb8, 0x95, 0x22, 0x57, 0xd3, 0x91, 0x1a, 0x42, 0x91, 0xb0, 0x50, 0xce, 0xa0, 
0x92, 0x32, 0xc0, 0x73, 0x5f, 0xd1, 0x75, 0x00, 0x7e, 0x40, 0xff, 0x00, 0xc1, 0xea, 0xdf, 0xf2, 
0x8b, 0x2f, 0x00, 0xff, 0x00, 0xd9, 0x55, 0xd3, 0xbf, 0xf4, 0xd1, 0xac, 0x57, 0xcb, 0xff, 0x00, 
0xf0, 0x6b, 0xf7, 0xfc, 0x16, 0x67, 0xf6, 0x6c, 0xff, 0x00, 0x82, 0x76, 0xfe, 0xc0, 0xbe, 0x2f, 
0xf0, 0x57, 0xc6, 0x3f, 0x89, 0x1f, 0xf0, 0x87, 0xf8, 0x9f, 0x54, 0xf8, 0x81, 0x79, 0xad, 0xda, 
0xd9, 0x7f, 0xc2, 0x3f, 0xaa, 0x6a, 0x1e, 0x6d, 0x9c, 0x9a, 0x76, 0x9b, 0x0a, 0x4b, 0xe6, 0x5a, 
0xdb, 0x4b, 0x18, 0xcc, 0x96, 0xf3, 0x2e, 0xd2, 0xc1, 0x86, 0xcc, 0x91, 0x82, 0x09, 0xfa, 0x83, 
0xfe, 0x0f, 0x56, 0xff, 0x00, 0x94, 0x59, 0x78, 0x07, 0xfe, 0xca, 0xae, 0x9d, 0xff, 0x00, 0xa6, 
0x8d, 0x62, 0xbf, 0x98, 0x1a, 0x00, 0xfe, 0xbf, 0x7f, 0xe2, 0x28, 0xef, 0xd8, 0x4f, 0xfe, 0x8b, 
0x9f, 0xfe, 0x59, 0x9e, 0x21, 0xff, 0x00, 0xe4, 0x1a, 0xfc, 0x41, 0xfd, 0x93, 0xbf, 0xe0, 0x82, 
0xbf, 0xb5, 0x8f, 0xec, 0x39, 0xfb, 0x53, 0xfc, 0x34, 0xf8, 0xd7, 0xf1, 0x4b, 0xe1, 0x4f, 0xfc, 
0x22, 0xff, 0x00, 0x0c, 0xbe, 0x0f, 0xf8, 0xaf, 0x4b, 0xf1, 0xb7, 0x8b, 0xb5, 0x9f, 0xf8, 0x49, 
0xb4, 0x7b, 0xdf, 0xec, 0x8d, 0x1f, 0x4d, 0xbc, 0x8a, 0xf6, 0xf6, 0xeb, 0xc8, 0xb7, 0xbb, 0x92, 
0x79, 0xbc, 0xab, 0x78, 0x65, 0x7f, 0x2e, 0x18, 0xde, 0x47, 0xdb, 0x84, 0x46, 0x62, 0x01, 0xe7, 
0xff, 0x00, 0x60, 0xaf, 0xf8, 0x35, 0xfb, 0xe3, 0xef, 0xfc, 0x14, 0x4b, 0xf6, 0x4e, 0xf0, 0xa7, 
0xc6, 0x3f, 0x05, 0x78, 0xbf, 0xe0, 0xfe, 0x97, 0xe1, 0x8f, 0x18, 0x7d, 0xb3, 0xec, 0x56, 0xba, 
0xde, 0xab, 0xa8, 0xc1, 0x7f, 0x17, 0xd9, 0xaf, 0x27, 0xb3, 0x93, 0xcc, 0x48, 0x6c, 0x65, 0x8c, 
0x66, 0x4b, 0x77, 0x23, 0x6c, 0x8d, 0x95, 0x2a, 0x4e, 0x0e, 0x40, 0xfd, 0x0f, 0xfd, 0xb7, 0x7f, 
0xe0, 0xee, 0xbf, 0xd9, 0xb7, 0xf6, 0x94, 0xfd, 0x8b, 0xfe, 0x2f, 0x7c, 0x39, 0xd0, 0xbc, 0x13, 
0xf1, 0xc2, 0xd3, 0x5b, 0xf1, 0xff, 0x00, 0x82, 0xb5, 0x9f, 0x0d, 0xe9, 0xf3, 0xdf, 0xe8, 0xfa, 
0x5c, 0x76, 0xb0, 0xdc, 0x5e, 0x58, 0xcd, 0x6f, 0x13, 0xca, 0xc9, 0xa8, 0xbb, 0xac, 0x61, 0xe4, 
0x52, 0xc5, 0x51, 0x88, 0x00, 0xe1, 0x49, 0xe2, 0x80, 0x3d, 0x43, 0xfe, 0x0a, 0x8f, 0xff, 0x00, 
0x05, 0x47, 0xf8, 0x13, 0xff, 0x00, 0x05, 0xa3, 0xfd, 0x84, 0xfc, 0x73, 0xfb, 0x34, 0x7e, 0xcd, 
0x1e, 0x39, 0xff, 0x00, 0x85, 0x95, 0xf1, 0xb7, 0xe2, 0x57, 0xd8, 0x3f, 0xe1, 0x1c, 0xf0, 0xe7, 
0xf6, 0x2e, 0xa1, 0xa3, 0x7f, 0x68, 0xfd, 0x87, 0x50, 0xb6, 0xd4, 0xae, 0xbf, 0xd2, 0xb5, 0x08, 
0x2d, 0xed, 0x63, 0xd9, 0x69, 0x67, 0x73, 0x27, 0xef, 0x25, 0x5d, 0xde, 0x5e, 0xd5, 0xdc, 0xec, 
0xaa, 0x7f, 0x20, 0x3f, 0xe2, 0x17, 0x1f, 0xdb, 0xb3, 0xfe, 0x88, 0x67, 0xfe, 0x5e, 0x7e, 0x1e, 
0xff, 0x00, 0xe4, 0xea, 0xf1, 0xff, 0x00, 0xf8, 0x23, 0x3f, 0xed, 0xad, 0xe1, 0x5f, 0xf8, 0x27, 
0x6f, 0xfc, 0x14, 0x9f, 0xe1, 0xbf, 0xc6, 0x3f, 0x1a, 0xe9, 0xfe, 0x20, 0xd5, 0x3c, 0x31, 0xe0, 
0xff, 0x00, 0xed, 0x3f, 0xb6, 0xda, 0xe8, 0x90, 0x43, 0x3d, 0xfc, 0xbf, 0x69, 0xd2, 0xef, 0x2c, 
0xe3, 0xf2, 0xd2, 0x69, 0x62, 0x8c, 0xe2, 0x4b, 0x84, 0x27, 0x74, 0x8b, 0x85, 0x0c, 0x46, 0x4e, 
0x01, 0xfe, 0xa7, 0xbf, 0xe0, 0x94, 0x9f, 0xf0, 0x5a, 0xbf, 0x85, 0x9f, 0xf0, 0x58, 0x3f, 0xf8, 
0x4f, 0x7f, 0xe1, 0x59, 0xe8, 0x1f, 0x10, 0x34, 0x3f, 0xf8, 0x57, 0x7f, 0xd9, 0xff, 0x00, 0xda, 
0x5f, 0xf0, 0x93, 0xd8, 0xd9, 0xdb, 0x79, 0xff, 0x00, 0x6d, 0xfb, 0x57, 0x95, 0xe4, 0xfd, 0x9e, 
0xe6, 0x7d, 0xd8, 0xfb, 0x24, 0x9b, 0xb7, 0x6d, 0xc6, 0xe4, 0xc6, 0xec, 0x9c, 0x00, 0x78, 0xff, 
0x00, 0xfc, 0x1a, 0xfd, 0xfb, 0x05, 0x7c, 0x58, 0xff, 0x00, 0x82, 0x76, 0xfe, 0xc0, 0xbe, 0x2f, 
0xf0, 0x57, 0xc6, 0x3f, 0x0a, 0x7f, 0xc2, 0x1f, 0xe2, 0x7d, 0x53, 0xe2, 0x05, 0xe6, 0xb7, 0x6b, 
0x65, 0xfd, 0xa7, 0x67, 0xa8, 0x79, 0xb6, 0x72, 0x69, 0xda, 0x6c, 0x29, 0x2f, 0x99, 0x6b, 0x2c, 
0xb1, 0x8c, 0xc9, 0x6f, 0x32, 0xed, 0x2c, 0x18, 0x6c, 0xc9, 0x18, 0x20, 0x92, 0xbf, 0x47, 0xe8, 
0xa0, 0x02, 0x8a, 0xfc, 0x21, 0xff, 0x00, 0x83, 0xa0, 0x7f, 0xe0, 0xb3, 0x3f, 0xb4, 0x9f, 0xfc, 
0x13, 0xb7, 0xf6, 0xfa, 0xf0, 0x87, 0x82, 0xbe, 0x0e, 0x7c, 0x48, 0xff, 0x00, 0x84, 0x3f, 0xc3, 
0x1a, 0xa7, 0xc3, 0xfb, 0x3d, 0x6e, 0xea, 0xcb, 0xfe, 0x11, 0xfd, 0x2f, 0x50, 0xf3, 0x6f, 0x24, 
0xd4, 0x75, 0x28, 0x5e, 0x5f, 0x32, 0xea, 0xda, 0x59, 0x06, 0x63, 0xb7, 0x85, 0x76, 0x86, 0x0a, 
0x36, 0x64, 0x0c, 0x92, 0x4f, 0xe8, 0xff, 0x00, 0xfc, 0x10, 0x57, 0xf6, 0xa3, 0xf1, 0xdf, 0xed, 
0xa3, 0xff, 0x00, 0x04, 0x9e, 0xf8, 0x53, 0xf1, 0x33, 0xe2, 0x5e, 0xbb, 0xff, 0x00, 0x09, 0x2f, 
0x8d, 0xbc, 0x4b, 0xfd, 0xaf, 0xfd, 0xa5, 0xa9, 0x7d, 0x8a, 0xde, 0xcf, 0xed, 0x3e, 0x46, 0xb1, 
0x7d, 0x6d, 0x17, 0xee, 0xad, 0xe3, 0x8e, 0x25, 0xdb, 0x0c, 0x31, 0xaf, 0xca, 0x83, 0x3b, 0x72, 
0x72, 0x49, 0x24, 0x03, 0xf3, 0xc3, 0xf6, 0xdd, 0xff, 0x00, 0x83, 0x45, 0x3f, 0x66, 0xdf, 0xd9, 
0xaf, 0xf6, 0x2f, 0xf8, 0xbd, 0xf1, 0x1b, 0x42, 0xf1, 0xb7, 0xc7, 0x0b, 0xbd, 0x6f, 0xc0, 0x1e, 
0x0a, 0xd6, 0x7c, 0x49, 0xa7, 0xc1, 0x7f, 0xac, 0x69, 0x72, 0x5a, 0xcd, 0x71, 0x67, 0x63, 0x35, 
0xc4, 0x49, 0x2a, 0xa6, 0x9c, 0x8e, 0xd1, 0x97, 0x8d, 0x43, 0x05, 0x75, 0x24, 0x13, 0x86, 0x07, 
0x9a, 0xfc, 0x31, 0xfd, 0x82, 0xbf, 0x6d, 0x6f, 0x15, 0x7f, 0xc1, 0x3b, 0x7f, 0x6b, 0x1f, 0x0a, 
0x7c, 0x63, 0xf0, 0x56, 0x9f, 0xe1, 0xfd, 0x53, 0xc4, 0xfe, 0x0f, 0xfb, 0x67, 0xd8, 0xad, 0x75, 
0xb8, 0x26, 0x9e, 0xc2, 0x5f, 0xb4, 0xd9, 0xcf, 0x67, 0x27, 0x98, 0x90, 0xcb, 0x14, 0x87, 0x11, 
0xdc, 0x39, 0x1b, 0x64, 0x5c, 0x30, 0x52, 0x72, 0x32, 0x0f, 0xbf, 0xfc, 0x59, 0xff, 0x00, 0x83, 
0x8f, 0x3f, 0x6c, 0xef, 0x8e, 0x3f, 0x0b, 0x3c, 0x4d, 0xe0, 0xaf, 0x14, 0xfc, 0x64, 0xfe, 0xd4, 
0xf0, 0xc7, 0x8c, 0x34, 0xab, 0xad, 0x13, 0x57, 0xb2, 0xff, 0x00, 0x84, 0x4b, 0x43, 0x83, 0xed, 
0x76, 0x77, 0x30, 0xbc, 0x33, 0xc5, 0xe6, 0x47, 0x64, 0xb2, 0x26, 0xe8, 0xdd, 0x97, 0x72, 0x32, 
0xb0, 0xce, 0x41, 0x07, 0x06, 0xb9, 0xff, 0x00, 0xf8, 0x20, 0xaf, 0xec, 0xb9, 0xe0, 0x4f, 0xdb, 
0x47, 0xfe, 0x0a, 0xc5, 0xf0, 0xa7, 0xe1, 0x9f, 0xc4, 0xbd, 0x0b, 0xfe, 0x12, 0x5f, 0x04, 0xf8, 
0x97, 0xfb, 0x5f, 0xfb, 0x4b, 0x4d, 0xfb, 0x6d, 0xc5, 0x9f, 0xda, 0x7c, 0x8d, 0x1e, 0xfa, 0xe6, 
0x2f, 0xde, 0xdb, 0xc9, 0x1c, 0xab, 0xb6, 0x68, 0x63, 0x6f, 0x95, 0xc6, 0x76, 0xe0, 0xe4, 0x12, 
0x08, 0x07, 0xe9, 0xff, 0x00, 0xec, 0x31, 0xff, 0x00, 0x1d, 0x83, 0x7f, 0xc2, 0x53, 0xff, 0x00, 
0x0d, 0x2f, 0xff, 0x00, 0x14, 0x3f, 0xfc, 0x33, 0xbf, 0xd9, 0x3f, 0xe1, 0x1c, 0xff, 0x00, 0x85, 
0x65, 0xff, 0x00, 0x12, 0xcf, 0xb6, 0xff, 0x00, 0x6d, 0x79, 0xff, 0x00, 0x6a, 0xfb, 0x67, 0xf6, 
0x87, 0xdb, 0xb7, 0xec, 0xfe, 0xc9, 0xb6, 0xf2, 0xfc, 0xbf, 0x2b, 0x1b, 0xe5, 0xdd, 0xbf, 0x2b, 
0xb3, 0xe8, 0x0f, 0xf8, 0x82, 0xa7, 0xf6, 0x58, 0xff, 0x00, 0xa1, 0xfb, 0xf6, 0x80, 0xff, 0x00, 
0xc1, 0xe6, 0x91, 0xff, 0x00, 0xca, 0xca, 0xf9, 0xff, 0x00, 0xfe, 0x0b, 0x9d, 0xff, 0x00, 0x1c, 
0xd7, 0xff, 0x00, 0xc2, 0xae, 0xff, 0x00, 0x86, 0x2a, 0xff, 0x00, 0x8b, 0x2f, 0xff, 0x00, 0x0b, 
0xa3, 0xfb, 0x5b, 0xfe, 0x13, 0x2f, 0xf9, 0x98, 0xff, 0x00, 0xb6, 0x3f, 0xb2, 0xfe, 0xc5, 0xf6, 
0x1f, 0xf9, 0x0b, 0x7d, 0xaf, 0xc9, 0xf2, 0xbf, 0xb4, 0x6f, 0x3f, 0xd4, 0xec, 0xdf, 0xe7, 0x7c, 
0xfb, 0xb6, 0x26, 0xdf, 0x80, 0x3f, 0xe2, 0x28, 0xef, 0xdb, 0xb3, 0xfe, 0x8b, 0x9f, 0xfe, 0x59, 
0x9e, 0x1e, 0xff, 0x00, 0xe4, 0x1a, 0x00, 0xfa, 0x7f, 0xe2, 0xcf, 0xfc, 0x1d, 0x03, 0xf1, 0xf7, 
0xfe, 0x09, 0xaf, 0xf1, 0x4f, 0xc4, 0xdf, 0xb3, 0x9f, 0x81, 0x7c, 0x21, 0xf0, 0x7f, 0x56, 0xf0, 
0x4f, 0xc0, 0x1d, 0x56, 0xeb, 0xe1, 0xc7, 0x87, 0xaf, 0xb5, 0xed, 0x2b, 0x51, 0x9f, 0x55, 0xbc, 
0xd3, 0xb4, 0x79, 0x9f, 0x4e, 0xb6, 0x96, 0xee, 0x48, 0x6f, 0xa2, 0x89, 0xee, 0x1a, 0x1b, 0x74, 
0x69, 0x1a, 0x38, 0xa3, 0x42, 0xe5, 0x8a, 0xa2, 0x02, 0x14, 0x1f, 0x09, 0xff, 0x00, 0xe0, 0xe8, 
0x1f, 0x8f, 0xbf, 0xf0, 0x52, 0x8f, 0x8a, 0x7e, 0x1a, 0xfd, 0x9c, 0xfc, 0x75, 0xe1, 0x0f, 0x83, 
0xfa, 0x4f, 0x82, 0x7e, 0x3f, 0x6a, 0xb6, 0xbf, 0x0e, 0x3c, 0x43, 0x7d, 0xa1, 0x69, 0x5a, 0x8c, 
0x1a, 0xad, 0x9e, 0x9d, 0xac, 0x4c, 0x9a, 0x75, 0xcc, 0xb6, 0x92, 0x4d, 0x7d, 0x2c, 0x49, 0x70, 
0xb0, 0xdc, 0x3b, 0x46, 0xd2, 0x45, 0x22, 0x07, 0x0a, 0x59, 0x1c, 0x02, 0xa7, 0xf2, 0x07, 0xe2, 
0xcf, 0xc5, 0x2d, 0x77, 0xe3, 0x8f, 0xc5, 0x3f, 0x13, 0x78, 0xd7, 0xc5, 0x37, 0xdf, 0xda, 0x9e, 
0x27, 0xf1, 0x86, 0xab, 0x75, 0xad, 0xea, 0xf7, 0xbe, 0x4c, 0x70, 0x7d, 0xae, 0xf2, 0xe6, 0x67, 
0x9a, 0x79, 0x7c, 0xb8, 0xd5, 0x63, 0x4d, 0xd2, 0x3b, 0x36, 0xd4, 0x55, 0x51, 0x9c, 0x00, 0x06, 
0x05, 0x7f, 0x53, 0xbf, 0xb5, 0x8f, 0xfc, 0x10, 0x57, 0xf6, 0x4e, 0xfd, 0x87, 0x3f, 0x65, 0x8f, 
0x89, 0x7f, 0x1a, 0xfe, 0x16, 0xfc, 0x29, 0xff, 0x00, 0x84, 0x5f, 0xe2, 0x6f, 0xc1, 0xff, 0x00, 
0x0a, 0x6a, 0x9e, 0x36, 0xf0, 0x8e, 0xb3, 0xff, 0x00, 0x09, 0x36, 0xb1, 0x7b, 0xfd, 0x91, 0xac, 
0x69, 0xb6, 0x72, 0xde, 0xd9, 0x5d, 0x79, 0x17, 0x17, 0x72, 0x41, 0x37, 0x95, 0x71, 0x0c, 0x4f, 
0xe5, 0xcd, 0x1b, 0xc6, 0xfb, 0x70, 0xe8, 0xca, 0x48, 0x20, 0x1c, 0x07, 0xfc, 0x41, 0x53, 0xfb, 
0x2c, 0x7f, 0xd0, 0xfd, 0xfb, 0x40, 0x7f, 0xe0, 0xf3, 0x48, 0xff, 0x00, 0xe5, 0x65, 0x1f, 0xf1, 
0x05, 0x4f, 0xec, 0xb1, 0xff, 0x00, 0x43, 0xf7, 0xed, 0x01, 0xff, 0x00, 0x83, 0xcd, 0x23, 0xff, 
0x00, 0x95, 0x95, 0xe3, 0xff, 0x00, 0xf0, 0x6b, 0xf7, 0xfc, 0x16, 0x67, 0xf6, 0x93, 0xff, 0x00, 
0x82, 0x89, 0x7e, 0xdf, 0x5e, 0x2f, 0xf0, 0x57, 0xc6, 0x3f, 0x89, 0x1f, 0xf0, 0x98, 0x78, 0x63, 
0x4b, 0xf8, 0x7f, 0x79, 0xad, 0xda, 0xd9, 0x7f, 0xc2, 0x3f, 0xa5, 0xe9, 0xfe, 0x55, 0xe4, 0x7a, 
0x8e, 0x9b, 0x0a, 0x4b, 0xe6, 0x5a, 0xdb, 0x45, 0x21, 0xc4, 0x77, 0x13, 0x2e, 0xd2, 0xc5, 0x4e, 
0xfc, 0x91, 0x90, 0x08, 0xfd, 0xde, 0xa0, 0x0f, 0xe7, 0x07, 0xf6, 0xa3, 0xff, 0x00, 0x82, 0xd5, 
0xfc, 0x53, 0xff, 0x00, 0x83, 0x77, 0x3e, 0x3b, 0x6b, 0xbf, 0xb1, 0xd7, 0xc1, 0x4d, 0x03, 0xe1, 
0xff, 0x00, 0x8a, 0x3e, 0x19, 0x7c, 0x1f, 0xfb, 0x3f, 0xf6, 0x36, 0xa7, 0xe3, 0x6b, 0x1b, 0xcb, 
0xdd, 0x76, 0xe7, 0xfb, 0x4a, 0xde, 0x2d, 0x5e, 0x7f, 0xb4, 0x4b, 0x69, 0x73, 0x6b, 0x03, 0x6d, 
0xb8, 0xd4, 0x26, 0x54, 0xd9, 0x02, 0x62, 0x35, 0x8c, 0x1d, 0xcc, 0x0b, 0xb7, 0x9f, 0xff, 0x00, 
0xc4, 0x6a, 0xdf, 0xb5, 0x3f, 0xfd, 0x08, 0x3f, 0xb3, 0xff, 0x00, 0xfe, 0x08, 0xf5, 0x7f, 0xfe, 
0x59, 0xd7, 0xed, 0xff, 0x00, 0xed, 0x47, 0xff, 0x00, 0x04, 0x15, 0xfd, 0x93, 0xbf, 0x6d, 0x1f, 
0x8e, 0xda, 0xef, 0xc4, 0xcf, 0x89, 0x7f, 0x0a, 0x7f, 0xe1, 0x25, 0xf1, 0xb7, 0x89, 0x7e, 0xcf, 
0xfd, 0xa5, 0xa9, 0x7f, 0xc2, 0x4d, 0xac, 0x59, 0xfd, 0xa7, 0xc8, 0xb7, 0x8a, 0xda, 0x2f, 0xdd, 
0x5b, 0xdd, 0xc7, 0x12, 0xed, 0x86, 0x18, 0xd7, 0xe5, 0x41, 0x9d, 0xb9, 0x39, 0x24, 0x93, 0xfc, 
0x91, 0x7f, 0xc1, 0x42, 0x7e, 0x16, 0xe8, 0x5f, 0x03, 0xbf, 0x6f, 0xaf, 0x8e, 0x1e, 0x0a, 0xf0, 
0xb5, 0x8f, 0xf6, 0x5f, 0x86, 0x3c, 0x1f, 0xf1, 0x03, 0x5e, 0xd1, 0x34, 0x8b, 0x2f, 0x3a, 0x49, 
0xfe, 0xc9, 0x67, 0x6d, 0xa8, 0xdc, 0x43, 0x04, 0x5e, 0x64, 0x8c, 0xd2, 0x3e, 0xd8, 0xd1, 0x57, 
0x73, 0xb3, 0x31, 0xc6, 0x49, 0x27, 0x26, 0x80, 0x3f, 0x77, 0xbf, 0x6a, 0x3f, 0xf8, 0x22, 0xa7, 
0xc2, 0xcf, 0xf8, 0x37, 0x73, 0xe0, 0x4e, 0xbb, 0xfb, 0x62, 0xfc, 0x14, 0xd7, 0xfe, 0x20, 0x78, 
0xa3, 0xe2, 0x6f, 0xc1, 0xff, 0x00, 0xb3, 0xff, 0x00, 0x63, 0x69, 0x9e, 0x36, 0xbe, 0xb3, 0xbd, 
0xd0, 0xae, 0x7f, 0xb4, 0xae, 0x22, 0xd2, 0x27, 0xfb, 0x44, 0x56, 0x96, 0xd6, 0xb3, 0xb6, 0xdb, 
0x7d, 0x42, 0x66, 0x4d, 0x93, 0xa6, 0x24, 0x58, 0xc9, 0xdc, 0xa0, 0xa3, 0x7c, 0x7f, 0xff, 0x00, 
0x11, 0xab, 0x7e, 0xd4, 0xff, 0x00, 0xf4, 0x20, 0xfe, 0xcf, 0xff, 0x00, 0xf8, 0x23, 0xd5, 0xff, 
0x00, 0xf9, 0x67, 0x5f, 0xd1, 0xf7, 0xed, 0x47, 0xfb, 0x2e, 0x78, 0x13, 0xf6, 0xd1, 0xf8, 0x13, 
0xae, 0xfc, 0x33, 0xf8, 0x97, 0xa1, 0x7f, 0xc2, 0x4b, 0xe0, 0x9f, 0x12, 0xfd, 0x9f, 0xfb, 0x4b, 
0x4d, 0xfb, 0x6d, 0xc5, 0x9f, 0xda, 0x7c, 0x8b, 0x88, 0xae, 0x62, 0xfd, 0xed, 0xbc, 0x91, 0xca, 
0xbb, 0x66, 0x86, 0x36, 0xf9, 0x5c, 0x67, 0x6e, 0x0e, 0x41, 0x20, 0xfe, 0x10, 0xff, 0x00, 0xc1, 
0xd0, 0x3f, 0xf0, 0x46, 0x6f, 0xd9, 0xb3, 0xfe, 0x09, 0xdb, 0xfb, 0x02, 0xf8, 0x43, 0xc6, 0xbf, 
0x07, 0x3e, 0x1b, 0xff, 0x00, 0xc2, 0x1f, 0xe2, 0x7d, 0x53, 0xe2, 0x05, 0x9e, 0x89, 0x75, 0x7b, 
0xff, 0x00, 0x09, 0x06, 0xa9, 0xa8, 0x79, 0xb6, 0x72, 0x69, 0xda, 0x94, 0xcf, 0x17, 0x97, 0x75, 
0x73, 0x2c, 0x63, 0x32, 0x5b, 0xc2, 0xdb, 0x82, 0x86, 0x1b, 0x30, 0x0e, 0x09, 0x04, 0x03, 0xd0, 
0x3f, 0x62, 0x9f, 0xd8, 0xa7, 0xc2, 0xbf, 0xf0, 0x76, 0x5f, 0xc2, 0xcd, 0x43, 0xf6, 0x8c, 0xfd, 
0xa3, 0x35, 0x0f, 0x10, 0x78, 0x2f, 0xc6, 0xde, 0x0b, 0xd5, 0x64, 0xf8, 0x71, 0x63, 0x63, 0xf0, 
0xe2, 0x78, 0x74, 0xed, 0x2a, 0x5d, 0x3a, 0xd6, 0x18, 0x75, 0x18, 0xe5, 0x92, 0x3b, 0xe8, 0xaf, 
0x65, 0x37, 0x06, 0x6d, 0x52, 0xe1, 0x59, 0x96, 0x55, 0x42, 0x89, 0x10, 0x08, 0x08, 0x66, 0x6f, 
0x1f, 0xfd, 0xa8, 0xff, 0x00, 0xe0, 0xb5, 0x7f, 0x14, 0xff, 0x00, 0xe0, 0xdd, 0xcf, 0x8e, 0xda, 
0xef, 0xec, 0x75, 0xf0, 0x53, 0x40, 0xf8, 0x7f, 0xe2, 0x8f, 0x86, 0x5f, 0x07, 0xfe, 0xcf, 0xfd, 
0x8d, 0xa9, 0xf8, 0xda, 0xc6, 0xf2, 0xf7, 0x5d, 0xb9, 0xfe, 0xd2, 0xb7, 0x8b, 0x57, 0x9f, 0xed, 
0x12, 0xda, 0x5c, 0xda, 0xc0, 0xdb, 0x6e, 0x35, 0x09, 0x95, 0x36, 0x40, 0x98, 0x8d, 0x63, 0x07, 
0x73, 0x02, 0xed, 0xf9, 0xc1, 0xfb, 0x14, 0xff, 0x00, 0xc1, 0x66, 0x7f, 0x69, 0x3f, 0xf8, 0x27, 
0x6f, 0xc2, 0xcd, 0x43, 0xc1, 0x5f, 0x07, 0x3e, 0x24, 0x7f, 0xc2, 0x1f, 0xe1, 0x8d, 0x53, 0x55, 
0x93, 0x5b, 0xba, 0xb2, 0xff, 0x00, 0x84, 0x7f, 0x4b, 0xd4, 0x3c, 0xdb, 0xc9, 0x21, 0x86, 0x17, 
0x97, 0xcc, 0xba, 0xb6, 0x96, 0x41, 0x98, 0xed, 0xe1, 0x5d, 0xa1, 0x82, 0x8d, 0x99, 0x03, 0x24, 
0x93, 0xe4, 0x1f, 0xb5, 0x1f, 0xed, 0x47, 0xe3, 0xbf, 0xdb, 0x47, 0xe3, 0xb6, 0xbb, 0xf1, 0x33, 
0xe2, 0x5e, 0xbb, 0xff, 0x00, 0x09, 0x2f, 0x8d, 0xbc, 0x4b, 0xf6, 0x7f, 0xed, 0x2d, 0x4b, 0xec, 
0x56, 0xf6, 0x7f, 0x69, 0xf2, 0x2d, 0xe2, 0xb6, 0x8b, 0xf7, 0x56, 0xf1, 0xc7, 0x12, 0xed, 0x86, 
0x18, 0xd7, 0xe5, 0x41, 0x9d, 0xb9, 0x39, 0x24, 0x92, 0x01, 0xfd, 0xb6, 0x7e, 0xc4, 0x5f, 0x1a, 
0xf5, 0x5f, 0xda, 0x53, 0xf6, 0x2f, 0xf8, 0x43, 0xf1, 0x1b, 0x5d, 0xb7, 0xd3, 0xed, 0x35, 0xbf, 
0x1f, 0xf8, 0x2b, 0x46, 0xf1, 0x26, 0xa1, 0x05, 0x82, 0x3c, 0x76, 0xb0, 0xdc, 0x5e, 0x58, 0xc3, 
0x71, 0x2a, 0x44, 0xae, 0xce, 0xeb, 0x18, 0x79, 0x18, 0x28, 0x67, 0x62, 0x00, 0x19, 0x62, 0x79, 
0xaf, 0x50, 0xaf, 0x88, 0x3e, 0x13, 0xfc, 0x52, 0xd7, 0x7e, 0x07, 0x7f, 0xc1, 0xb7, 0x1e, 0x1a, 
0xf1, 0xaf, 0x85, 0xaf, 0xbf, 0xb2, 0xfc, 0x4d, 0xe0, 0xff, 0x00, 0xd9, 0xaa, 0xd7, 0x5b, 0xd2, 
0x2f, 0x7c, 0x98, 0xe7, 0xfb, 0x25, 0xe5, 0xb7, 0x85, 0xd2, 0x68, 0x25, 0xf2, 0xe4, 0x56, 0x8d, 
0xf6, 0xc8, 0x8a, 0xdb, 0x5d, 0x59, 0x4e, 0x30, 0x41, 0x19, 0x15, 0xf9, 0x41, 0xff, 0x00, 0x04, 
0x15, 0xff, 0x00, 0x82, 0xf5, 0x7e, 0xd6, 0x3f, 0xb6, 0x8f, 0xfc, 0x15, 0x8b, 0xe1, 0x4f, 0xc3, 
0x3f, 0x89, 0x7f, 0x15, 0xbf, 0xe1, 0x25, 0xf0, 0x4f, 0x89, 0x7f, 0xb5, 0xff, 0x00, 0xb4, 0xb4, 
0xdf, 0xf8, 0x46, 0x74, 0x7b, 0x3f, 0xb4, 0xf9, 0x1a, 0x3d, 0xf5, 0xcc, 0x5f, 0xbd, 0xb7, 0xb4, 
0x8e, 0x55, 0xdb, 0x34, 0x31, 0xb7, 0xca, 0xe3, 0x3b, 0x70, 0x72, 0x09, 0x04, 0x03, 0xf6, 0xbf, 
0xfe, 0x0a, 0x81, 0xff, 0x00, 0x04, 0xbf, 0xf0, 0x0f, 0xfc, 0x15, 0x9b, 0xe0, 0x16, 0x91, 0xf0, 
0xe7, 0xe2, 0x36, 0xaf, 0xe3, 0x0d, 0x17, 0x44, 0xd1, 0x7c, 0x41, 0x0f, 0x89, 0x20, 0x9f, 0xc3, 
0x77, 0x56, 0xd6, 0xd7, 0x4f, 0x71, 0x15, 0xb5, 0xcd, 0xba, 0xa3, 0x34, 0xf0, 0x4c, 0x86, 0x32, 
0x97, 0x52, 0x12, 0x02, 0x03, 0x90, 0xbf, 0x30, 0x00, 0x83, 0xf0, 0x87, 0xfc, 0x41, 0x53, 0xfb, 
0x2c, 0x7f, 0xd0, 0xfd, 0xfb, 0x40, 0x7f, 0xe0, 0xf3, 0x48, 0xff, 0x00, 0xe5, 0x65, 0x7e, 0xbf, 
0x57, 0xe1, 0x0f, 0xfc, 0x1d, 0x03, 0xff, 0x00, 0x05, 0x99, 0xfd, 0xa4, 0xff, 0x00, 0xe0, 0x9d, 
0xbf, 0xb7, 0xd7, 0x84, 0x3c, 0x15, 0xf0, 0x73, 0xe2, 0x47, 0xfc, 0x21, 0xfe, 0x18, 0xd5, 0x3e, 
0x1f, 0xd9, 0xeb, 0x77, 0x56, 0x5f, 0xf0, 0x8f, 0xe9, 0x7a, 0x87, 0x9b, 0x79, 0x26, 0xa3, 0xa9, 
0x42, 0xf2, 0xf9, 0x97, 0x56, 0xd2, 0xc8, 0x33, 0x1d, 0xbc, 0x2b, 0xb4, 0x30, 0x51, 0xb3, 0x20, 
0x64, 0x92, 0x40, 0x3f, 0x5f, 0xbf, 0x60, 0xaf, 0xd8, 0xa7, 0xc2, 0xbf, 0xf0, 0x4e, 0xdf, 0xd9, 
0x3b, 0xc2, 0x9f, 0x07, 0x3c, 0x15, 0xa8, 0x78, 0x83, 0x54, 0xf0, 0xc7, 0x83, 0xfe, 0xd9, 0xf6, 
0x2b, 0xad, 0x6e, 0x78, 0x67, 0xbf, 0x97, 0xed, 0x37, 0x93, 0xde, 0x49, 0xe6, 0x3c, 0x31, 0x45, 
0x19, 0xc4, 0x97, 0x0e, 0x06, 0xd8, 0xd7, 0x0a, 0x14, 0x1c, 0x9c, 0x93, 0xfc, 0x59, 0xfe, 0xc4, 
0x5f, 0x05, 0x34, 0xaf, 0xda, 0x53, 0xf6, 0xd0, 0xf8, 0x43, 0xf0, 0xe7, 0x5d, 0xb8, 0xd4, 0x2d, 
0x34, 0x4f, 0x1f, 0xf8, 0xd7, 0x46, 0xf0, 0xde, 0xa1, 0x3d, 0x83, 0xa4, 0x77, 0x50, 0xdb, 0xde, 
0x5f, 0x43, 0x6f, 0x2b, 0xc4, 0xce, 0xae, 0x8b, 0x20, 0x49, 0x18, 0xa9, 0x64, 0x60, 0x08, 0x19, 
0x52, 0x38, 0xaf, 0xab, 0xff, 0x00, 0xe2, 0x28, 0xef, 0xdb, 0xb3, 0xfe, 0x8b, 0x9f, 0xfe, 0x59, 
0x9e, 0x1e, 0xff, 0x00, 0xe4, 0x1a, 0xf8, 0x83, 0xe1, 0x3f, 0xc5, 0x2d, 0x77, 0xe0, 0x77, 0xc5, 
0x3f, 0x0d, 0x78, 0xd7, 0xc2, 0xd7, 0xdf, 0xd9, 0x7e, 0x27, 0xf0, 0x7e, 0xab, 0x6b, 0xad, 0xe9, 
0x17, 0xbe, 0x4c, 0x73, 0xfd, 0x92, 0xf2, 0xda, 0x64, 0x9a, 0x09, 0x7c, 0xb9, 0x15, 0xa3, 0x7d, 
0xb2, 0x22, 0xb6, 0xd7, 0x56, 0x53, 0x8c, 0x10, 0x46, 0x45, 0x00, 0x7f, 0x4b, 0xdf, 0xf1, 0x05, 
0x4f, 0xec, 0xb1, 0xff, 0x00, 0x43, 0xf7, 0xed, 0x01, 0xff, 0x00, 0x83, 0xcd, 0x23, 0xff, 0x00, 
0x95, 0x95, 0xf5, 0xff, 0x00, 0xfc, 0x12, 0x93, 0xfe, 0x08, 0xa9, 0xf0, 0xb3, 0xfe, 0x08, 0xf9, 
0xff, 0x00, 0x09, 0xef, 0xfc, 0x2b, 0x3d, 0x7f, 0xe2, 0x06, 0xb9, 0xff, 0x00, 0x0b, 0x13, 0xfb, 
0x3f, 0xfb, 0x4b, 0xfe, 0x12, 0x7b, 0xeb, 0x3b, 0x9f, 0x23, 0xec, 0x5f, 0x6a, 0xf2, 0xbc, 0x9f, 
0xb3, 0xdb, 0x41, 0xb7, 0x3f, 0x6b, 0x93, 0x76, 0xed, 0xd9, 0xda, 0x98, 0xdb, 0x83, 0x9f, 0xe7, 
0x07, 0xfe, 0x22, 0x8e, 0xfd, 0xbb, 0x3f, 0xe8, 0xb9, 0xff, 0x00, 0xe5, 0x99, 0xe1, 0xef, 0xfe, 
0x41, 0xaf, 0xd7, 0xff, 0x00, 0xf8, 0x35, 0x2b, 0xfe, 0x0a, 0x8f, 0xf1, 0xdb, 0xfe, 0x0a, 0x51, 
0xff, 0x00, 0x0b, 0xeb, 0xfe, 0x17, 0x5f, 0x8e, 0x7f, 0xe1, 0x34, 0xff, 0x00, 0x84, 0x2f, 0xfe, 
0x11, 0xef, 0xec, 0x6f, 0xf8, 0x92, 0xe9, 0xfa, 0x77, 0xd8, 0xfe, 0xd5, 0xfd, 0xa9, 0xe7, 0xff, 
0x00, 0xc7, 0xa4, 0x11, 0x6f, 0xdd, 0xf6, 0x78, 0x7e, 0xfe, 0xec, 0x6c, 0xe3, 0x19, 0x39, 0x00, 
0xfd, 0x7e, 0xa2, 0x8a, 0x28, 0x03, 0xcb, 0xfe, 0x35, 0xfe, 0xc4, 0x5f, 0x05, 0xff, 0x00, 0x69, 
0x4f, 0x15, 0x5b, 0xeb, 0xbf, 0x11, 0xbe, 0x10, 0xfc, 0x2f, 0xf1, 0xfe, 0xb7, 0x69, 0x68, 0xb6, 
0x10, 0x6a, 0x1e, 0x24, 0xf0, 0xad, 0x8e, 0xab, 0x75, 0x0d, 0xba, 0xbb, 0xba, 0xc2, 0xb2, 0xcf, 
0x13, 0xba, 0xc6, 0x1e, 0x49, 0x18, 0x20, 0x38, 0x06, 0x46, 0x38, 0xcb, 0x1a, 0xe4, 0x3f, 0xe1, 
0xac, 0x7f, 0x65, 0x8f, 0xd8, 0x73, 0xfe, 0x2d, 0x6f, 0xfc, 0x2c, 0xbf, 0xd9, 0xff, 0x00, 0xe0, 
0xff, 0x00, 0xfc, 0x22, 0xff, 0x00, 0xf3, 0x28, 0xff, 0x00, 0xc2, 0x43, 0xa4, 0x78, 0x7f, 0xfb, 
0x23, 0xed, 0x1f, 0xe9, 0x5f, 0xf1, 0xe5, 0xe6, 0x47, 0xe4, 0xf9, 0xbe, 0x77, 0x9d, 0xf7, 0x06, 
0xff, 0x00, 0x37, 0x7f, 0x3b, 0xb2, 0x7d, 0xfe, 0xbf, 0x9c, 0x1f, 0xf8, 0x2f, 0x57, 0xfc, 0x10, 
0x57, 0xf6, 0xb1, 0xfd, 0xb4, 0x7f, 0xe0, 0xac, 0x5f, 0x15, 0xbe, 0x26, 0x7c, 0x34, 0xf8, 0x53, 
0xff, 0x00, 0x09, 0x2f, 0x82, 0x7c, 0x4b, 0xfd, 0x91, 0xfd, 0x9b, 0xa9, 0x7f, 0xc2, 0x4d, 0xa3, 
0xd9, 0xfd, 0xa7, 0xc8, 0xd1, 0xec, 0x6d, 0xa5, 0xfd, 0xd5, 0xc5, 0xdc, 0x72, 0xae, 0xd9, 0xa1, 
0x91, 0x7e, 0x64, 0x19, 0xdb, 0x91, 0x90, 0x41, 0x20, 0x1f, 0xa7, 0xff, 0x00, 0xf1, 0xab, 0x2f, 
0xfa, 0xb0, 0x0f, 0xfc, 0xb4, 0x6b, 0xc0, 0x3f, 0xe0, 0xa8, 0xff, 0x00, 0xf0, 0xcb, 0x1f, 0xf0, 
0xc2, 0x7e, 0x39, 0xff, 0x00, 0x86, 0x2a, 0xff, 0x00, 0x86, 0x7f, 0xff, 0x00, 0x86, 0x9a, 0xff, 
0x00, 0x40, 0xff, 0x00, 0x84, 0x37, 0xfe, 0x14, 0x97, 0xf6, 0x47, 0xfc, 0x27, 0x7f, 0xf2, 0x10, 
0xb6, 0xfb, 0x77, 0xf6, 0x7f, 0xf6, 0x4f, 0xfa, 0x77, 0xfc, 0x83, 0xfe, 0xd9, 0xe7, 0x79, 0x3f, 
0xf2, 0xef, 0xe7, 0xef, 0xfd, 0xde, 0xfa, 0xfc, 0x80, 0xff, 0x00, 0x88, 0x5c, 0x7f, 0x6e, 0xcf, 
0xfa, 0x21, 0x9f, 0xf9, 0x79, 0xf8, 0x7b, 0xff, 0x00, 0x93, 0xab, 0xeb, 0xff, 0x00, 0xf8, 0x20, 
0xaf, 0xfc, 0x10, 0x57, 0xf6, 0xb1, 0xfd, 0x8b, 0xbf, 0xe0, 0xac, 0x5f, 0x0a, 0x7e, 0x26, 0x7c, 
0x4b, 0xf8, 0x53, 0xff, 0x00, 0x08, 0xd7, 0x82, 0x7c, 0x35, 0xfd, 0xaf, 0xfd, 0xa5, 0xa9, 0x7f, 
0xc2, 0x4d, 0xa3, 0xde, 0x7d, 0x9b, 0xcf, 0xd1, 0xef, 0xad, 0xa2, 0xfd, 0xd5, 0xbd, 0xdc, 0x92, 
0xb6, 0xe9, 0xa6, 0x8d, 0x7e, 0x54, 0x38, 0xdd, 0x93, 0x80, 0x09, 0x00, 0x1f, 0x00, 0x7c, 0x74, 
0xfd, 0x93, 0xbf, 0x6f, 0xaf, 0xda, 0x83, 0xfb, 0x2f, 0xfe, 0x16, 0x67, 0xc3, 0x4f, 0xda, 0xff, 
0x00, 0xe2, 0x27, 0xf6, 0x1f, 0x9b, 0xfd, 0x9b, 0xff, 0x00, 0x09, 0x3f, 0x87, 0xbc, 0x47, 0xab, 
0xff, 0x00, 0x67, 0xf9, 0xbb, 0x3c, 0xdf, 0x27, 0xed, 0x11, 0xbf, 0x97, 0xbf, 0xca, 0x8f, 0x76, 
0xdc, 0x6e, 0xf2, 0xd3, 0x39, 0xda, 0x31, 0xfa, 0x9f, 0xff, 0x00, 0x06, 0xf4, 0xfe, 0xcf, 0x5f, 
0xb3, 0x6f, 0xec, 0xd7, 0xfb, 0x17, 0xf8, 0x9f, 0x42, 0xfd, 0xb4, 0x7c, 0x0f, 0xf0, 0x3f, 0xc0, 
0x1f, 0x14, 0xae, 0xfc, 0x6b, 0x75, 0x7f, 0xa5, 0xe9, 0xff, 0x00, 0x1a, 0xf4, 0x6d, 0x2f, 0x4a, 
0xd7, 0xe6, 0xd1, 0x9a, 0xc6, 0xc1, 0x21, 0x9a, 0x08, 0xb5, 0x64, 0x4b, 0x86, 0xb3, 0x37, 0x11, 
0xde, 0x2a, 0xba, 0x0f, 0x2c, 0xc9, 0x1c, 0xe0, 0x1d, 0xca, 0xf5, 0xfb, 0xdd, 0x5f, 0x84, 0x3f, 
0xf0, 0x74, 0x0f, 0xfc, 0x11, 0x9b, 0xf6, 0x93, 0xff, 0x00, 0x82, 0x89, 0x7e, 0xdf, 0x5e, 0x10, 
0xf1, 0xaf, 0xc1, 0xcf, 0x86, 0xff, 0x00, 0xf0, 0x98, 0x78, 0x63, 0x4b, 0xf8, 0x7f, 0x67, 0xa2, 
0x5d, 0x5e, 0xff, 0x00, 0xc2, 0x41, 0xa5, 0xe9, 0xfe, 0x55, 0xe4, 0x7a, 0x8e, 0xa5, 0x33, 0xc5, 
0xe5, 0xdd, 0x5c, 0xc5, 0x21, 0xc4, 0x77, 0x10, 0xb6, 0xe0, 0xa5, 0x4e, 0xfc, 0x03, 0x90, 0x40, 
0x00, 0xfc, 0xb0, 0xfd, 0xb7, 0x7f, 0xe0, 0x99, 0x3f, 0x1a, 0x3c, 0x7b, 0xfb, 0x68, 0x7c, 0x5e, 
0xd7, 0x7e, 0x14, 0x7e, 0xcf, 0x9f, 0x14, 0x35, 0xaf, 0x85, 0xba, 0xd7, 0x8d, 0x75, 0x9b, 0xff, 
0x00, 0x07, 0x6a, 0x1e, 0x13, 0xf0, 0x2d, 0xf5, 0xce, 0x81, 0x7f, 0xa3, 0x4b, 0x7d, 0x33, 0xd8, 
0xcd, 0xa7, 0xcb, 0x6d, 0x01, 0xb7, 0x92, 0xcd, 0xed, 0xda, 0x26, 0x85, 0xe1, 0x26, 0x36, 0x8c, 
0xa1, 0x42, 0x54, 0x8a, 0xf2, 0xff, 0x00, 0xf8, 0x78, 0x4f, 0xed, 0x4f, 0xf1, 0xef, 0xfe, 0x28, 
0x5f, 0xf8, 0x5e, 0x1f, 0xb4, 0x07, 0x8d, 0x3f, 0xe1, 0x34, 0xff, 0x00, 0x89, 0x17, 0xfc, 0x23, 
0xdf, 0xf0, 0x99, 0x6a, 0xfa, 0x8f, 0xf6, 0xef, 0xda, 0xbf, 0x71, 0xf6, 0x2f, 0xb3, 0x79, 0xcd, 
0xe7, 0xf9, 0xdb, 0xfc, 0xbf, 0x2b, 0x6b, 0x6f, 0xdf, 0xb7, 0x07, 0x38, 0xaf, 0xec, 0x77, 0xfe, 
0x09, 0xed, 0xf0, 0xb7, 0x5d, 0xf8, 0x1d, 0xfb, 0x02, 0xfc, 0x0f, 0xf0, 0x57, 0x8a, 0x6c, 0x7f, 
0xb2, 0xfc, 0x4f, 0xe0, 0xff, 0x00, 0x87, 0xfa, 0x0e, 0x89, 0xab, 0xd9, 0x79, 0xd1, 0xcf, 0xf6, 
0x4b, 0xcb, 0x6d, 0x3a, 0xde, 0x19, 0xe2, 0xf3, 0x23, 0x66, 0x8d, 0xf6, 0xc8, 0x8c, 0xbb, 0x91, 
0x99, 0x4e, 0x32, 0x09, 0x18, 0x35, 0xfc, 0x61, 0xff, 0x00, 0xc1, 0x3d, 0xbe, 0x29, 0x68, 0x5f, 
0x03, 0xbf, 0x6f, 0xaf, 0x81, 0xfe, 0x35, 0xf1, 0x4d, 0xf7, 0xf6, 0x5f, 0x86, 0x3c, 0x1f, 0xf1, 
0x03, 0x41, 0xd6, 0xf5, 0x7b, 0xdf, 0x26, 0x49, 0xfe, 0xc9, 0x67, 0x6d, 0xa8, 0xdb, 0xcd, 0x3c, 
0xbe, 0x5c, 0x6a, 0xd2, 0x3e, 0xd8, 0xd1, 0x9b, 0x6a, 0x2b, 0x31, 0xc6, 0x00, 0x27, 0x02, 0x80, 
0x3f, 0x5b, 0xbf, 0xe0, 0xd1, 0x4f, 0xd8, 0x8b, 0xe3, 0x47, 0xec, 0xd7, 0xff, 0x00, 0x05, 0x24, 
0xf1, 0xb6, 0xbb, 0xf1, 0x1b, 0xe1, 0x0f, 0xc5, 0x0f, 0x00, 0x68, 0x97, 0x7f, 0x0d, 0x6f, 0xec, 
0x20, 0xd4, 0x3c, 0x49, 0xe1, 0x5b, 0xed, 0x2a, 0xd6, 0x6b, 0x86, 0xd5, 0x34, 0xa7, 0x58, 0x56, 
0x59, 0xe2, 0x44, 0x69, 0x0a, 0x47, 0x23, 0x04, 0x07, 0x24, 0x46, 0xc7, 0x18, 0x53, 0x5f, 0xd1, 
0x75, 0x7c, 0xc1, 0xfb, 0x14, 0xff, 0x00, 0xc1, 0x66, 0x7f, 0x66, 0xcf, 0xf8, 0x28, 0x97, 0xc5, 
0x3d, 0x43, 0xc1, 0x5f, 0x07, 0x3e, 0x24, 0x7f, 0xc2, 0x61, 0xe2, 0x7d, 0x2f, 0x4a, 0x93, 0x5b, 
0xba, 0xb2, 0xff, 0x00, 0x84, 0x7f, 0x54, 0xd3, 0xfc, 0xab, 0x38, 0xe6, 0x86, 0x17, 0x97, 0xcc, 
0xba, 0xb6, 0x8a, 0x33, 0x89, 0x2e, 0x21, 0x5d, 0xa1, 0x8b, 0x1d, 0xf9, 0x03, 0x00, 0x91, 0xd0, 
0x7e, 0xdc, 0xff, 0x00, 0xf0, 0x54, 0x7f, 0x81, 0x3f, 0xf0, 0x4d, 0x7f, 0xf8, 0x45, 0xbf, 0xe1, 
0x75, 0xf8, 0xe7, 0xfe, 0x10, 0xbf, 0xf8, 0x4d, 0x3e, 0xd7, 0xfd, 0x8d, 0xff, 0x00, 0x12, 0x5d, 
0x43, 0x51, 0xfb, 0x67, 0xd9, 0x7c, 0x8f, 0x3f, 0xfe, 0x3d, 0x20, 0x97, 0x66, 0xdf, 0xb4, 0x43, 
0xf7, 0xf6, 0xe7, 0x7f, 0x19, 0xc1, 0xc0, 0x07, 0xe2, 0x07, 0xfc, 0x17, 0xab, 0xfe, 0x1b, 0xeb, 
0xfe, 0x1e, 0xc5, 0xf1, 0x5b, 0xfe, 0x14, 0xa7, 0xfc, 0x35, 0xff, 0x00, 0xfc, 0x2b, 0x2f, 0xf8, 
0x94, 0x7f, 0x63, 0x7f, 0xc2, 0x13, 0xff, 0x00, 0x09, 0x1f, 0xf6, 0x17, 0xfc, 0x81, 0xec, 0x7c, 
0xff, 0x00, 0xb3, 0xfd, 0x93, 0xf7, 0x1f, 0xf1, 0xf1, 0xe7, 0x6f, 0xd9, 0xff, 0x00, 0x2d, 0x3c, 
0xcc, 0xfc, 0xd9, 0xaf, 0xc6, 0x1f, 0x8b, 0x3f, 0xf0, 0x95, 0x7f, 0xc2, 0xd3, 0xf1, 0x37, 0xfc, 
0x27, 0x5f, 0xf0, 0x90, 0x7f, 0xc2, 0x6d, 0xfd, 0xab, 0x75, 0xff, 0x00, 0x09, 0x0f, 0xf6, 0xf7, 
0x9d, 0xfd, 0xab, 0xfd, 0xa3, 0xe7, 0x3f, 0xda, 0x7e, 0xd7, 0xe7, 0x7e, 0xf7, 0xed, 0x1e, 0x76, 
0xff, 0x00, 0x33, 0xcc, 0xf9, 0xf7, 0xee, 0xdd, 0xce, 0x6b, 0xfa, 0xdd, 0xff, 0x00, 0x88, 0xa3, 
0xbf, 0x61, 0x3f, 0xfa, 0x2e, 0x7f, 0xf9, 0x66, 0x78, 0x87, 0xff, 0x00, 0x90, 0x6b, 0xf1, 0x07, 
0xf6, 0xb1, 0xff, 0x00, 0x82, 0x0a, 0xfe, 0xd6, 0x3f, 0xb7, 0x1f, 0xed, 0x4f, 0xf1, 0x2f, 0xe3, 
0x5f, 0xc2, 0xdf, 0x85, 0x3f, 0xf0, 0x94, 0x7c, 0x32, 0xf8, 0xc1, 0xe2, 0xbd, 0x53, 0xc6, 0xde, 
0x11, 0xd6, 0x7f, 0xe1, 0x26, 0xd1, 0xec, 0xbf, 0xb5, 0xf4, 0x7d, 0x4a, 0xf2, 0x5b, 0xdb, 0x2b, 
0xaf, 0x22, 0xe2, 0xee, 0x39, 0xe1, 0xf3, 0x6d, 0xe6, 0x89, 0xfc, 0xb9, 0xa3, 0x49, 0x13, 0x76, 
0x1d, 0x15, 0x81, 0x00, 0x03, 0xf7, 0xfb, 0xfe, 0x0b, 0xd5, 0xff, 0x00, 0x0b, 0x4f, 0xfe, 0x1d, 
0x3d, 0xf1, 0x5b, 0xfe, 0x14, 0xa7, 0xfc, 0x2c, 0x0f, 0xf8, 0x59, 0xbf, 0xf1, 0x28, 0xfe, 0xc6, 
0xff, 0x00, 0x84, 0x27, 0xed, 0x9f, 0xdb, 0xbf, 0xf2, 0x18, 0xb1, 0xf3, 0xfe, 0xcf, 0xf6, 0x4f, 
0xdf, 0xff, 0x00, 0xc7, 0xbf, 0x9d, 0xbf, 0x67, 0xfc, 0xb3, 0xf3, 0x33, 0xf2, 0xe6, 0xbf, 0x20, 
0x3f, 0xe0, 0x8a, 0x9f, 0xf0, 0xb4, 0xff, 0x00, 0xe1, 0xa9, 0xf5, 0xff, 0x00, 0xf8, 0x78, 0xbf, 
0xfc, 0x2c, 0x0f, 0xf8, 0x52, 0x5f, 0xf0, 0x8a, 0x5c, 0x7f, 0x62, 0x7f, 0xc3, 0x47, 0x7d, 0xb3, 
0xfe, 0x11, 0x5f, 0xf8, 0x48, 0x7e, 0xd9, 0x67, 0xf6, 0x7f, 0xb3, 0x7f, 0x6e, 0xff, 0x00, 0xa2, 
0xff, 0x00, 0x68, 0x7d, 0x93, 0xfb, 0x43, 0x66, 0xcf, 0xdf, 0x79, 0x3f, 0x69, 0xdb, 0xf2, 0x79, 
0x95, 0xfa, 0x7f, 0xff, 0x00, 0x11, 0x47, 0x7e, 0xc2, 0x7f, 0xf4, 0x5c, 0xff, 0x00, 0xf2, 0xcc, 
0xf1, 0x0f, 0xff, 0x00, 0x20, 0xd7, 0xc8, 0x1f, 0xf0, 0x5a, 0xbf, 0xda, 0x8f, 0xc0, 0x9f, 0xf0, 
0x71, 0x1f, 0xec, 0xb1, 0xa0, 0x7c, 0x14, 0xfd, 0x8e, 0xb5, 0xdf, 0xf8, 0x5c, 0x1f, 0x13, 0x7c, 
0x2f, 0xe2, 0xbb, 0x7f, 0x1b, 0x6a, 0x7a, 0x37, 0xd8, 0xae, 0x3c, 0x3f, 0xf6, 0x6d, 0x1e, 0xde, 
0xce, 0xf2, 0xca, 0x5b, 0xaf, 0x3f, 0x54, 0x8e, 0xd6, 0x06, 0xdb, 0x71, 0xa8, 0x5a, 0x27, 0x96, 
0xb2, 0x19, 0x0f, 0x9b, 0x90, 0x85, 0x55, 0xca, 0x80, 0x7e, 0x87, 0xfc, 0x14, 0xfd, 0x88, 0xbf, 
0x61, 0xaf, 0xda, 0x53, 0xc2, 0xb7, 0x1a, 0xef, 0xc3, 0x9f, 0x84, 0x3f, 0xb2, 0x87, 0x8f, 0xf4, 
0x4b, 0x4b, 0xb6, 0xb0, 0x9f, 0x50, 0xf0, 0xdf, 0x85, 0x7c, 0x3f, 0xaa, 0xda, 0xc3, 0x70, 0xa8, 
0x8e, 0xd0, 0xb4, 0xb0, 0x44, 0xe8, 0xb2, 0x04, 0x92, 0x36, 0x28, 0x4e, 0x40, 0x91, 0x4e, 0x30, 
0xc2, 0xb8, 0xff, 0x00, 0x8a, 0x5f, 0x09, 0xff, 0x00, 0xe0, 0x9b, 0x7f, 0x03, 0xbc, 0x77, 0x7d, 
0xe1, 0x6f, 0x1a, 0xf8, 0x67, 0xf6, 0x20, 0xf0, 0x7f, 0x89, 0xf4, 0xbf, 0x2f, 0xed, 0xba, 0x46, 
0xb7, 0xa7, 0x78, 0x5f, 0x4f, 0xbf, 0xb4, 0xf3, 0x23, 0x59, 0x63, 0xf3, 0x20, 0x99, 0x56, 0x44, 
0xdd, 0x1b, 0xa3, 0x8d, 0xc0, 0x65, 0x5d, 0x48, 0xe0, 0x83, 0x5e, 0x7f, 0xff, 0x00, 0x06, 0xbf, 
0x7e, 0xc1, 0x5f, 0x16, 0x3f, 0xe0, 0x9d, 0xbf, 0xb0, 0x2f, 0x8b, 0xfc, 0x15, 0xf1, 0x8f, 0xc2, 
0x9f, 0xf0, 0x87, 0xf8, 0x9f, 0x54, 0xf8, 0x81, 0x79, 0xad, 0xda, 0xd9, 0x7f, 0x69, 0xd9, 0xea, 
0x1e, 0x6d, 0x9c, 0x9a, 0x76, 0x9b, 0x0a, 0x4b, 0xe6, 0x5a, 0xcb, 0x2c, 0x63, 0x32, 0x5b, 0xcc, 
0xbb, 0x4b, 0x06, 0x1b, 0x32, 0x46, 0x08, 0x27, 0xf3, 0x83, 0xfe, 0x0b, 0xd5, 0xff, 0x00, 0x04, 
0x15, 0xfd, 0xac, 0x7f, 0x6d, 0x1f, 0xf8, 0x2b, 0x17, 0xc5, 0x6f, 0x89, 0x9f, 0x0d, 0x3e, 0x14, 
0xff, 0x00, 0xc2, 0x4b, 0xe0, 0x9f, 0x12, 0xff, 0x00, 0x64, 0x7f, 0x66, 0xea, 0x5f, 0xf0, 0x93, 
0x68, 0xf6, 0x7f, 0x69, 0xf2, 0x34, 0x7b, 0x1b, 0x69, 0x7f, 0x75, 0x71, 0x77, 0x1c, 0xab, 0xb6, 
0x68, 0x64, 0x5f, 0x99, 0x06, 0x76, 0xe4, 0x64, 0x10, 0x48, 0x07, 0xc0, 0x1f, 0xf0, 0x50, 0x9f, 
0xf8, 0x28, 0x4f, 0xc5, 0x3f, 0xf8, 0x6a, 0x7f, 0x8e, 0x1e, 0x05, 0xf0, 0x2f, 0xc7, 0x0f, 0x88, 
0x1f, 0xf0, 0xa4, 0xbf, 0xe1, 0x2b, 0xd7, 0xb4, 0x2f, 0x0f, 0x78, 0x7b, 0x42, 0xf1, 0x95, 0xe7, 
0xfc, 0x22, 0xbf, 0xf0, 0x8f, 0x7d, 0xb2, 0xe2, 0x0b, 0x6b, 0x2b, 0x4b, 0x68, 0x66, 0xfb, 0x2f, 
0xf6, 0x7f, 0xd9, 0x36, 0x47, 0x1c, 0x51, 0xaf, 0x93, 0xe4, 0xed, 0x55, 0x1b, 0x30, 0x2b, 0xa0, 
0xff, 0x00, 0x83, 0x70, 0xfe, 0x2c, 0x78, 0x57, 0xe0, 0x77, 0xfc, 0x16, 0x73, 0xe0, 0xdf, 0x8a, 
0x7c, 0x6b, 0xe2, 0x6f, 0x0f, 0xf8, 0x3f, 0xc3, 0x1a, 0x5f, 0xf6, 0xdf, 0xdb, 0x75, 0x7d, 0x6f, 
0x51, 0x87, 0x4f, 0xb0, 0xb4, 0xf3, 0x34, 0x3d, 0x42, 0x28, 0xfc, 0xc9, 0xe6, 0x65, 0x8d, 0x37, 
0x48, 0xe8, 0x83, 0x71, 0x19, 0x67, 0x50, 0x39, 0x20, 0x51, 0xf1, 0x67, 0xfe, 0x0d, 0xc3, 0xfd, 
0xb3, 0xbe, 0x07, 0x7c, 0x2c, 0xf1, 0x37, 0x8d, 0x7c, 0x53, 0xf0, 0x6f, 0xfb, 0x2f, 0xc3, 0x1e, 
0x0f, 0xd2, 0xae, 0xb5, 0xbd, 0x5e, 0xf7, 0xfe, 0x12, 0xdd, 0x0e, 0x7f, 0xb2, 0x59, 0xdb, 0x42, 
0xf3, 0x4f, 0x2f, 0x97, 0x1d, 0xeb, 0x48, 0xfb, 0x63, 0x46, 0x6d, 0xa8, 0xac, 0xc7, 0x18, 0x00, 
0x9c, 0x0a, 0xf9, 0x83, 0xf6, 0x5c, 0xfd, 0x97, 0x3c, 0x77, 0xfb, 0x68, 0xfc, 0x76, 0xd0, 0xbe, 
0x19, 0xfc, 0x34, 0xd0, 0xbf, 0xe1, 0x25, 0xf1, 0xb7, 0x89, 0x7e, 0xd1, 0xfd, 0x9b, 0xa6, 0xfd, 
0xb6, 0xde, 0xcf, 0xed, 0x3e, 0x45, 0xbc, 0xb7, 0x32, 0xfe, 0xf6, 0xe2, 0x48, 0xe2, 0x5d, 0xb0, 
0xc3, 0x23, 0x7c, 0xce, 0x33, 0xb7, 0x03, 0x24, 0x80, 0x40, 0x3f, 0xb3, 0xdf, 0xf8, 0x7b, 0x17, 
0xec, 0xb1, 0xff, 0x00, 0x47, 0x2d, 0xfb, 0x3f, 0xff, 0x00, 0xe1, 0xc3, 0xd2, 0x3f, 0xf9, 0x22, 
0xbc, 0xbf, 0xe3, 0x5f, 0xed, 0x0b, 0xff, 0x00, 0x04, 0xf0, 0xfd, 0xa5, 0x3c, 0x55, 0x6f, 0xae, 
0xfc, 0x46, 0xf1, 0xc7, 0xec, 0x61, 0xe3, 0xfd, 0x6e, 0xd2, 0xd1, 0x6c, 0x20, 0xd4, 0x3c, 0x49, 
0xac, 0xf8, 0x6b, 0x55, 0xba, 0x86, 0xdd, 0x5d, 0xdd, 0x61, 0x59, 0x67, 0x77, 0x75, 0x8c, 0x3c, 
0x92, 0x30, 0x40, 0x70, 0x0c, 0x8c, 0x71, 0x96, 0x35, 0xfc, 0xe8, 0xff, 0x00, 0xc4, 0x2e, 0x3f, 
0xb7, 0x67, 0xfd, 0x10, 0xcf, 0xfc, 0xbc, 0xfc, 0x3d, 0xff, 0x00, 0xc9, 0xd4, 0x7f, 0xc4, 0x2e, 
0x3f, 0xb7, 0x67, 0xfd, 0x10, 0xcf, 0xfc, 0xbc, 0xfc, 0x3d, 0xff, 0x00, 0xc9, 0xd4, 0x01, 0xfb, 
0xfd, 0xff, 0x00, 0x1a, 0xb2, 0xff, 0x00, 0xab, 0x00, 0xff, 0x00, 0xcb, 0x46, 0x8f, 0xf8, 0xd5, 
0x97, 0xfd, 0x58, 0x07, 0xfe, 0x5a, 0x35, 0xfc, 0xa1, 0x7e, 0xd4, 0x7f, 0xb2, 0xe7, 0x8e, 0xff, 
0x00, 0x62, 0xef, 0x8e, 0xda, 0xef, 0xc3, 0x3f, 0x89, 0x7a, 0x17, 0xfc, 0x23, 0x5e, 0x36, 0xf0, 
0xd7, 0xd9, 0xff, 0x00, 0xb4, 0xb4, 0xdf, 0xb6, 0xdb, 0xde, 0x7d, 0x9b, 0xcf, 0xb7, 0x8a, 0xe6, 
0x2f, 0xde, 0xdb, 0xc9, 0x24, 0x4d, 0xba, 0x19, 0xa3, 0x6f, 0x95, 0xce, 0x37, 0x60, 0xe0, 0x82, 
0x07, 0x3f, 0xf0, 0x9f, 0xe1, 0x6e, 0xbb, 0xf1, 0xc7, 0xe2, 0x9f, 0x86, 0xbc, 0x15, 0xe1, 0x6b, 
0x1f, 0xed, 0x4f, 0x13, 0xf8, 0xc3, 0x55, 0xb5, 0xd1, 0x34, 0x8b, 0x2f, 0x3a, 0x38, 0x3e, 0xd7, 
0x79, 0x73, 0x32, 0x43, 0x04, 0x5e, 0x64, 0x8c, 0xb1, 0xa6, 0xe9, 0x1d, 0x57, 0x73, 0xb2, 0xa8, 
0xce, 0x49, 0x03, 0x26, 0x80, 0x3f, 0xa3, 0xef, 0xf8, 0x2c, 0xcf, 0xc2, 0x7f, 0xd8, 0xbf, 0xe3, 
0x8f, 0xfc, 0x13, 0x63, 0xe2, 0x47, 0x85, 0xbf, 0x65, 0xff, 0x00, 0x0c, 0xfe, 0xcc, 0x1e, 0x30, 
0xf8, 0xe7, 0xaa, 0x7f, 0x66, 0x7f, 0xc2, 0x33, 0xa4, 0x7c, 0x2d, 0xd3, 0xb4, 0x2d, 0x43, 0xc5, 
0x97, 0x7e, 0x5e, 0xa9, 0x67, 0x2d, 0xdf, 0xd8, 0xe0, 0xd3, 0x95, 0xae, 0xdf, 0x6d, 0x9a, 0x5c, 
0xbc, 0x9e, 0x50, 0x38, 0x85, 0x25, 0x2d, 0xf2, 0x06, 0x35, 0xf8, 0x41, 0xff, 0x00, 0x19, 0x4f, 
0xff, 0x00, 0x04, 0xbe, 0xff, 0x00, 0xa3, 0x80, 0xfd, 0x9d, 0xff, 0x00, 0xe1, 0x38, 0xff, 0x00, 
0xb0, 0xbf, 0x84, 0xbf, 0xe1, 0x20, 0xfb, 0x27, 0xfd, 0xf9, 0xfb, 0x47, 0x93, 0xf6, 0x9f, 0xf6, 
0xbc, 0xbf, 0xb4, 0x76, 0xdf, 0xcf, 0xdf, 0xff, 0x00, 0xf0, 0x4b, 0x8f, 0xf8, 0x25, 0xc7, 0xc7, 
0x6f, 0xf8, 0x22, 0xe7, 0xed, 0xd9, 0xe0, 0x6f, 0xda, 0x5f, 0xf6, 0x97, 0xf0, 0x37, 0xfc, 0x2b, 
0x5f, 0x82, 0x5f, 0x0d, 0x7e, 0xdf, 0xff, 0x00, 0x09, 0x1f, 0x88, 0xff, 0x00, 0xb6, 0xb4, 0xfd, 
0x67, 0xfb, 0x3b, 0xed, 0xda, 0x7d, 0xce, 0x9b, 0x6b, 0xfe, 0x8b, 0xa7, 0xcf, 0x71, 0x75, 0x26, 
0xfb, 0xbb, 0xcb, 0x68, 0xff, 0x00, 0x77, 0x13, 0x6d, 0xf3, 0x37, 0x36, 0xd4, 0x56, 0x61, 0xf4, 
0x07, 0xfc, 0x17, 0x3b, 0xfe, 0x3a, 0x50, 0xff, 0x00, 0x85, 0x5d, 0xff, 0x00, 0x0c, 0x55, 0xff, 
0x00, 0x17, 0xa3, 0xfe, 0x14, 0xbf, 0xf6, 0xb7, 0xfc, 0x26, 0x5f, 0xf3, 0x2e, 0x7f, 0x63, 0xff, 
0x00, 0x6a, 0x7d, 0x8b, 0xec, 0x3f, 0xf2, 0x16, 0xfb, 0x27, 0x9d, 0xe6, 0xff, 0x00, 0x67, 0x5e, 
0x7f, 0xa9, 0xdf, 0xb3, 0xc9, 0xf9, 0xf6, 0xef, 0x4d, 0xc0, 0x1f, 0x57, 0xff, 0x00, 0xc1, 0xa2, 
0x9f, 0xb4, 0x2f, 0x8f, 0xbf, 0x69, 0x4f, 0xf8, 0x26, 0xdf, 0x8d, 0xb5, 0xdf, 0x88, 0xde, 0x38, 
0xf1, 0x87, 0x8f, 0xf5, 0xbb, 0x4f, 0x89, 0x57, 0xf6, 0x10, 0x6a, 0x1e, 0x24, 0xd6, 0x6e, 0x75, 
0x5b, 0xa8, 0x6d, 0xd7, 0x4b, 0xd2, 0x9d, 0x61, 0x59, 0x67, 0x77, 0x75, 0x8c, 0x3c, 0x92, 0x30, 
0x40, 0x70, 0x0c, 0x8c, 0x71, 0x96, 0x34, 0x57, 0x61, 0xff, 0x00, 0x06, 0xbf, 0x7e, 0xc1, 0x5f, 
0x16, 0x3f, 0xe0, 0x9d, 0xbf, 0xb0, 0x2f, 0x8b, 0xfc, 0x15, 0xf1, 0x8f, 0xc2, 0x9f, 0xf0, 0x87, 
0xf8, 0x9f, 0x54, 0xf8, 0x81, 0x79, 0xad, 0xda, 0xd9, 0x7f, 0x69, 0xd9, 0xea, 0x1e, 0x6d, 0x9c, 
0x9a, 0x76, 0x9b, 0x0a, 0x4b, 0xe6, 0x5a, 0xcb, 0x2c, 0x63, 0x32, 0x5b, 0xcc, 0xbb, 0x4b, 0x06, 
0x1b, 0x32, 0x46, 0x08, 0x24, 0xa0, 0x0e, 0xb3, 0xfe, 0x0a, 0xc5, 0xff, 0x00, 0x07, 0x00, 0x7c, 
0x35, 0xff, 0x00, 0x82, 0x45, 0x7c, 0x60, 0xf0, 0xd7, 0x83, 0x7c, 0x6f, 0xe0, 0xcf, 0x1c, 0x78, 
0x96, 0xf7, 0xc4, 0xfa, 0x37, 0xf6, 0xd5, 0xbc, 0xfa, 0x1a, 0xda, 0x98, 0xa2, 0x8f, 0xcf, 0x92, 
0x12, 0x8f, 0xe7, 0x4a, 0x87, 0x76, 0x63, 0x27, 0x80, 0x46, 0x0d, 0x7c, 0xad, 0xff, 0x00, 0x11, 
0xb3, 0xfc, 0x00, 0xff, 0x00, 0xa2, 0x53, 0xf1, 0x8b, 0xfe, 0xfd, 0xe9, 0xbf, 0xfc, 0x95, 0x5f, 
0x22, 0x7f, 0xc1, 0xed, 0x7f, 0xf2, 0x7d, 0x3f, 0x08, 0xff, 0x00, 0xec, 0x44, 0x6f, 0xfd, 0x38, 
0x5c, 0xd7, 0x6b, 0xff, 0x00, 0x04, 0xaa, 0xff, 0x00, 0x83, 0x55, 0xbe, 0x0e, 0x7e, 0xdf, 0x1f, 
0xf0, 0x4f, 0xdf, 0x86, 0xbf, 0x17, 0x7c, 0x45, 0xf1, 0x0f, 0xe2, 0x66, 0x8b, 0xad, 0x78, 0xd6, 
0xca, 0x7b, 0x9b, 0xab, 0x2d, 0x39, 0xec, 0x7e, 0xcb, 0x03, 0x47, 0x77, 0x3c, 0x00, 0x27, 0x99, 
0x03, 0x36, 0x08, 0x88, 0x1e, 0x49, 0xe4, 0x9a, 0x00, 0xfa, 0x1b, 0xfe, 0x23, 0x67, 0xf8, 0x01, 
0xff, 0x00, 0x44, 0xa7, 0xe3, 0x17, 0xfd, 0xfb, 0xd3, 0x7f, 0xf9, 0x2a, 0x8f, 0xf8, 0x8d, 0x9f, 
0xe0, 0x07, 0xfd, 0x12, 0x9f, 0x8c, 0x5f, 0xf7, 0xef, 0x4d, 0xff, 0x00, 0xe4, 0xaa, 0x6f, 0xfc, 
0x41, 0x2f, 0xf0, 0x0b, 0xfe, 0x8a, 0xbf, 0xc6, 0x0f, 0xfb, 0xef, 0x4e, 0xff, 0x00, 0xe4, 0x6a, 
0x3f, 0xe2, 0x09, 0x7f, 0x80, 0x5f, 0xf4, 0x55, 0xfe, 0x30, 0x7f, 0xdf, 0x7a, 0x77, 0xff, 0x00, 
0x23, 0x50, 0x03, 0xbf, 0xe2, 0x36, 0x7f, 0x80, 0x1f, 0xf4, 0x4a, 0x7e, 0x31, 0x7f, 0xdf, 0xbd, 
0x37, 0xff, 0x00, 0x92, 0xa8, 0xff, 0x00, 0x88, 0xd9, 0xfe, 0x00, 0x7f, 0xd1, 0x29, 0xf8, 0xc5, 
0xff, 0x00, 0x7e, 0xf4, 0xdf, 0xfe, 0x4a, 0xa6, 0xff, 0x00, 0xc4, 0x12, 0xff, 0x00, 0x00, 0xbf, 
0xe8, 0xab, 0xfc, 0x60, 0xff, 0x00, 0xbe, 0xf4, 0xef, 0xfe, 0x46, 0xaf, 0xc7, 0x4f, 0xf8, 0x2f, 
0x17, 0xfc, 0x13, 0x57, 0xc2, 0x1f, 0xf0, 0x4a, 0x9f, 0xdb, 0x5e, 0xc3, 0xe1, 0x87, 0x82, 0xf5, 
0xcf, 0x12, 0x78, 0x87, 0x4b, 0x9b, 0xc2, 0xf6, 0x7a, 0xdc, 0xb7, 0x7a, 0xdb, 0xc2, 0xd7, 0x06, 
0x69, 0xa7, 0xb9, 0x42, 0xab, 0xe5, 0x47, 0x1a, 0x84, 0x0b, 0x12, 0x60, 0x10, 0x4e, 0x77, 0x1c, 
0xe0, 0x80, 0x00, 0x3f, 0xae, 0xcf, 0xd9, 0x67, 0xf6, 0x80, 0xd3, 0x7f, 0x6a, 0xef, 0xd9, 0xbb, 
0xc0, 0xbf, 0x13, 0x34, 0x7b, 0x2b, 0xed, 0x37, 0x49, 0xf1, 0xee, 0x87, 0x69, 0xaf, 0x59, 0xda, 
0xde, 0x6d, 0xfb, 0x45, 0xbc, 0x37, 0x11, 0x2c, 0xa8, 0x92, 0x6c, 0x25, 0x77, 0x85, 0x60, 0x0e, 
0xd2, 0x46, 0x7a, 0x13, 0x5f, 0xcd, 0xf7, 0xfc, 0x41, 0x53, 0xfb, 0x53, 0xff, 0x00, 0xd0, 0xfd, 
0xfb, 0x3f, 0xff, 0x00, 0xe0, 0xf3, 0x57, 0xff, 0x00, 0xe5, 0x65, 0x7e, 0xf4, 0x7f, 0xc1, 0x1a, 
0x3f, 0xe5, 0x13, 0x3f, 0xb3, 0x7f, 0xfd, 0x93, 0x9d, 0x0f, 0xff, 0x00, 0x48, 0xa2, 0xaf, 0xa5, 
0xa8, 0x03, 0xf9, 0xe1, 0xfd, 0x8a, 0x7f, 0x62, 0x9f, 0x15, 0x7f, 0xc1, 0xa6, 0x9f, 0x14, 0xf5, 
0x0f, 0xda, 0x33, 0xf6, 0x8c, 0xd4, 0x3c, 0x3f, 0xe3, 0x4f, 0x04, 0xf8, 0xd3, 0x4a, 0x93, 0xe1, 
0xc5, 0x8d, 0x8f, 0xc3, 0x89, 0xe6, 0xd4, 0x75, 0x58, 0xb5, 0x1b, 0xa9, 0xa1, 0xd4, 0x63, 0x96, 
0x48, 0xef, 0xa2, 0xb2, 0x88, 0x5b, 0x88, 0x74, 0xbb, 0x85, 0x66, 0x59, 0x59, 0xc3, 0xbc, 0x40, 
0x21, 0x05, 0x99, 0x7a, 0x0f, 0xdb, 0x9f, 0xfe, 0x3b, 0x06, 0xff, 0x00, 0x84, 0x5b, 0xfe, 0x19, 
0xa3, 0xfe, 0x28, 0x7f, 0xf8, 0x67, 0x7f, 0xb5, 0xff, 0x00, 0xc2, 0x47, 0xff, 0x00, 0x0b, 0x37, 
0xfe, 0x25, 0x9f, 0x6d, 0xfe, 0xda, 0xf2, 0x3e, 0xcb, 0xf6, 0x3f, 0xec, 0xff, 0x00, 0xb7, 0x6f, 
0xd9, 0xfd, 0x93, 0x73, 0xe6, 0x79, 0x9e, 0x56, 0x37, 0xc5, 0xb7, 0x7e, 0x5b, 0x67, 0xd0, 0x1f, 
0xf0, 0x7a, 0xb7, 0xfc, 0xa2, 0xcb, 0xc0, 0x3f, 0xf6, 0x55, 0x74, 0xef, 0xfd, 0x34, 0x6b, 0x15, 
0xf8, 0x81, 0xff, 0x00, 0x04, 0xa4, 0xff, 0x00, 0x82, 0xd5, 0xfc, 0x53, 0xff, 0x00, 0x82, 0x3e, 
0x7f, 0xc2, 0x7b, 0xff, 0x00, 0x0a, 0xcf, 0x40, 0xf8, 0x7f, 0xae, 0x7f, 0xc2, 0xc4, 0xfe, 0xcf, 
0xfe, 0xd2, 0xff, 0x00, 0x84, 0x9e, 0xc6, 0xf2, 0xe7, 0xc8, 0xfb, 0x17, 0xda, 0xbc, 0xaf, 0x27, 
0xec, 0xf7, 0x30, 0x6d, 0xcf, 0xda, 0xe4, 0xdd, 0xbb, 0x76, 0x76, 0xa6, 0x36, 0xe0, 0xe4, 0x03, 
0xc8, 0x3f, 0x6f, 0x5f, 0xd8, 0xa7, 0xc5, 0x5f, 0xf0, 0x4e, 0xdf, 0xda, 0xc7, 0xc5, 0x7f, 0x07, 
0x3c, 0x6b, 0xa8, 0x78, 0x7f, 0x54, 0xf1, 0x3f, 0x83, 0xfe, 0xc7, 0xf6, 0xdb, 0xad, 0x12, 0x79, 
0xa7, 0xb0, 0x97, 0xed, 0x36, 0x70, 0x5e, 0x47, 0xe5, 0xbc, 0xd1, 0x45, 0x21, 0xc4, 0x77, 0x08, 
0x0e, 0xe8, 0xd7, 0x0c, 0x18, 0x0c, 0x8c, 0x13, 0xfb, 0x9d, 0xfb, 0x11, 0x7f, 0xc1, 0xdd, 0x7f, 
0xb3, 0x6f, 0xec, 0xd7, 0xfb, 0x17, 0xfc, 0x21, 0xf8, 0x73, 0xae, 0xf8, 0x27, 0xe3, 0x85, 0xde, 
0xb7, 0xe0, 0x0f, 0x05, 0x68, 0xde, 0x1b, 0xd4, 0x27, 0xb0, 0xd1, 0xf4, 0xb9, 0x2d, 0x66, 0xb8, 
0xb3, 0xb1, 0x86, 0xde, 0x57, 0x89, 0x9f, 0x51, 0x47, 0x68, 0xcb, 0xc6, 0xc5, 0x4b, 0x22, 0x92, 
0x08, 0xca, 0x83, 0xc5, 0x68, 0x7e, 0xcb, 0x9f, 0xf0, 0x45, 0x4f, 0x85, 0x9f, 0xf0, 0x71, 0x1f, 
0xc0, 0x9d, 0x0b, 0xf6, 0xc5, 0xf8, 0xd7, 0xaf, 0xfc, 0x40, 0xf0, 0xbf, 0xc4, 0xdf, 0x8c, 0x1f, 
0x68, 0xfe, 0xd9, 0xd3, 0x3c, 0x13, 0x7d, 0x67, 0x65, 0xa1, 0x5b, 0x7f, 0x66, 0xdc, 0x4b, 0xa4, 
0x41, 0xf6, 0x78, 0xae, 0xed, 0xae, 0xa7, 0x5d, 0xd6, 0xfa, 0x7c, 0x2c, 0xfb, 0xe7, 0x7c, 0xc8, 
0xd2, 0x11, 0xb5, 0x48, 0x45, 0xfc, 0x11, 0xfd, 0xb7, 0x7e, 0x0a, 0x69, 0x5f, 0xb3, 0x5f, 0xed, 
0xa1, 0xf1, 0x7b, 0xe1, 0xce, 0x85, 0x71, 0xa8, 0x5d, 0xe8, 0x9e, 0x00, 0xf1, 0xae, 0xb3, 0xe1, 
0xbd, 0x3e, 0x7b, 0xf7, 0x49, 0x2e, 0xa6, 0xb7, 0xb3, 0xbe, 0x9a, 0xde, 0x27, 0x95, 0x91, 0x51, 
0x1a, 0x42, 0x91, 0xa9, 0x62, 0xa8, 0xa0, 0x92, 0x70, 0xa0, 0x71, 0x40, 0x1a, 0x1f, 0xb0, 0x57, 
0xec, 0x53, 0xe2, 0xaf, 0xf8, 0x28, 0x97, 0xed, 0x63, 0xe1, 0x4f, 0x83, 0x9e, 0x0a, 0xd4, 0x3c, 
0x3f, 0xa5, 0xf8, 0x9f, 0xc6, 0x1f, 0x6c, 0xfb, 0x15, 0xd6, 0xb7, 0x3c, 0xd0, 0x58, 0x45, 0xf6, 
0x6b, 0x39, 0xef, 0x24, 0xf3, 0x1e, 0x18, 0xa5, 0x90, 0x66, 0x3b, 0x77, 0x03, 0x6c, 0x6d, 0x96, 
0x2a, 0x0e, 0x06, 0x48, 0xfd, 0x7e, 0xfd, 0x8a, 0x7f, 0x62, 0x9f, 0x15, 0x7f, 0xc1, 0xa6, 0x9f, 
0x14, 0xf5, 0x0f, 0xda, 0x33, 0xf6, 0x8c, 0xd4, 0x3c, 0x3f, 0xe3, 0x4f, 0x04, 0xf8, 0xd3, 0x4a, 
0x93, 0xe1, 0xc5, 0x8d, 0x8f, 0xc3, 0x89, 0xe6, 0xd4, 0x75, 0x58, 0xb5, 0x1b, 0xa9, 0xa1, 0xd4, 
0x63, 0x96, 0x48, 0xef, 0xa2, 0xb2, 0x88, 0x5b, 0x88, 0x74, 0xbb, 0x85, 0x66, 0x59, 0x59, 0xc3, 
0xbc, 0x40, 0x21, 0x05, 0x99, 0x7e, 0x20, 0xff, 0x00, 0x83, 0x5c, 0x7f, 0xe5, 0x3a, 0xff, 0x00, 
0x03, 0x3f, 0xee, 0x3f, 0xff, 0x00, 0xa8, 0xf6, 0xa7, 0x5f, 0xd3, 0x77, 0xfc, 0x15, 0x03, 0xfe, 
0x09, 0x7f, 0xe0, 0x1f, 0xf8, 0x2b, 0x37, 0xc0, 0x2d, 0x23, 0xe1, 0xcf, 0xc4, 0x6d, 0x5f, 0xc6, 
0x1a, 0x2e, 0x89, 0xa2, 0xf8, 0x82, 0x1f, 0x12, 0x41, 0x3f, 0x86, 0xee, 0xad, 0xad, 0xae, 0x9e, 
0xe2, 0x2b, 0x6b, 0x9b, 0x75, 0x46, 0x69, 0xe0, 0x99, 0x0c, 0x65, 0x2e, 0xa4, 0x24, 0x04, 0x07, 
0x21, 0x7e, 0x60, 0x01, 0x04, 0x03, 0xe1, 0x0f, 0xf8, 0x8d, 0x5b, 0xf6, 0x58, 0xff, 0x00, 0xa1, 
0x07, 0xf6, 0x80, 0xff, 0x00, 0xc1, 0x1e, 0x91, 0xff, 0x00, 0xcb, 0x3a, 0x3f, 0xe2, 0x35, 0x6f, 
0xd9, 0x63, 0xfe, 0x84, 0x1f, 0xda, 0x03, 0xff, 0x00, 0x04, 0x7a, 0x47, 0xff, 0x00, 0x2c, 0xe8, 
0xff, 0x00, 0x88, 0x2a, 0x7f, 0x65, 0x8f, 0xfa, 0x1f, 0xbf, 0x68, 0x0f, 0xfc, 0x1e, 0x69, 0x1f, 
0xfc, 0xac, 0xa3, 0xfe, 0x20, 0xa9, 0xfd, 0x96, 0x3f, 0xe8, 0x7e, 0xfd, 0xa0, 0x3f, 0xf0, 0x79, 
0xa4, 0x7f, 0xf2, 0xb2, 0x80, 0x3e, 0xcf, 0xfd, 0xb7, 0x7e, 0x35, 0xe9, 0x5f, 0xb4, 0xa7, 0xfc, 
0x10, 0xd7, 0xe2, 0xf7, 0xc4, 0x6d, 0x0a, 0xdf, 0x50, 0xb4, 0xd1, 0x3c, 0x7f, 0xf0, 0x2b, 0x59, 
0xf1, 0x26, 0x9f, 0x05, 0xfa, 0x24, 0x77, 0x50, 0xdb, 0xde, 0x78, 0x7e, 0x6b, 0x88, 0x92, 0x55, 
0x46, 0x74, 0x59, 0x02, 0x48, 0xa1, 0x82, 0xbb, 0x00, 0x41, 0xc3, 0x11, 0xcd, 0x7f, 0x36, 0x3f, 
0xf0, 0x6b, 0x8f, 0xfc, 0xa7, 0x5f, 0xe0, 0x67, 0xfd, 0xc7, 0xff, 0x00, 0xf5, 0x1e, 0xd4, 0xeb, 
0xdc, 0x3f, 0x6d, 0xdf, 0xf8, 0x38, 0x5b, 0xe3, 0x47, 0xec, 0xd7, 0xe1, 0x5f, 0x8b, 0xdf, 0xb1, 
0x76, 0x85, 0xe1, 0x8f, 0x85, 0xf7, 0x7f, 0x0b, 0x7c, 0x01, 0x69, 0xac, 0xfc, 0x14, 0xd3, 0xf5, 
0x4b, 0xfd, 0x3a, 0xfa, 0x4d, 0x7e, 0x6d, 0x1a, 0xcd, 0x26, 0xd1, 0xa2, 0xb8, 0x96, 0x64, 0xbc, 
0x4b, 0x76, 0xbc, 0x36, 0xf1, 0xab, 0xb3, 0xad, 0xba, 0xc6, 0x64, 0x24, 0x88, 0x82, 0xfc, 0x95, 
0xe1, 0xff, 0x00, 0xf0, 0x6b, 0x8f, 0xfc, 0xa7, 0x5f, 0xe0, 0x67, 0xfd, 0xc7, 0xff, 0x00, 0xf5, 
0x1e, 0xd4, 0xe8, 0x03, 0xfa, 0x6e, 0xff, 0x00, 0x82, 0xa0, 0x7f, 0xc1, 0x50, 0x3c, 0x03, 0xff, 
0x00, 0x04, 0x99, 0xf8, 0x05, 0xa4, 0x7c, 0x46, 0xf8, 0x8d, 0xa4, 0x78, 0xc3, 0x5a, 0xd1, 0x35, 
0xaf, 0x10, 0x43, 0xe1, 0xb8, 0x20, 0xf0, 0xdd, 0xad, 0xb5, 0xcd, 0xd2, 0x5c, 0x4b, 0x6d, 0x73, 
0x70, 0xae, 0xcb, 0x3c, 0xf0, 0xa0, 0x8c, 0x25, 0xac, 0x80, 0x90, 0xe4, 0xe4, 0xaf, 0xca, 0x41, 
0x24, 0x1f, 0xf0, 0x4b, 0xff, 0x00, 0xf8, 0x2a, 0x07, 0x80, 0x7f, 0xe0, 0xac, 0xdf, 0x00, 0xb5, 
0x7f, 0x88, 0xdf, 0x0e, 0x74, 0x8f, 0x18, 0x68, 0xba, 0x26, 0x8b, 0xe2, 0x09, 0xbc, 0x37, 0x3c, 
0x1e, 0x24, 0xb5, 0xb6, 0xb6, 0xba, 0x7b, 0x88, 0xad, 0xad, 0xae, 0x19, 0xd5, 0x60, 0x9e, 0x64, 
0x31, 0x94, 0xba, 0x8c, 0x02, 0x5c, 0x1c, 0x86, 0xf9, 0x40, 0x00, 0x93, 0xfe, 0x0a, 0x81, 0xff, 
0x00, 0x04, 0xbf, 0xf0, 0x0f, 0xfc, 0x15, 0x9b, 0xe0, 0x16, 0x91, 0xf0, 0xe7, 0xe2, 0x36, 0xaf, 
0xe3, 0x0d, 0x17, 0x44, 0xd1, 0x7c, 0x41, 0x0f, 0x89, 0x20, 0x9f, 0xc3, 0x77, 0x56, 0xd6, 0xd7, 
0x4f, 0x71, 0x15, 0xb5, 0xcd, 0xba, 0xa3, 0x34, 0xf0, 0x4c, 0x86, 0x32, 0x97, 0x52, 0x12, 0x02, 
0x03, 0x90, 0xbf, 0x30, 0x00, 0x82, 0x7f, 0xc1, 0x2f, 0xff, 0x00, 0xe0, 0x97, 0xfe, 0x01, 0xff, 
0x00, 0x82, 0x4c, 0xfc, 0x02, 0xd5, 0xfe, 0x1c, 0xfc, 0x39, 0xd5, 0xfc, 0x61, 0xad, 0x68, 0x9a, 
0xd7, 0x88, 0x26, 0xf1, 0x24, 0xf3, 0xf8, 0x92, 0xea, 0xda, 0xe6, 0xe9, 0x2e, 0x25, 0xb6, 0xb6, 
0xb7, 0x64, 0x56, 0x82, 0x08, 0x50, 0x46, 0x12, 0xd6, 0x32, 0x01, 0x42, 0x72, 0x5b, 0xe6, 0x20, 
0x80, 0x00, 0x3f, 0x99, 0x1f, 0xf8, 0x3a, 0x3b, 0xfe, 0x53, 0xaf, 0xf1, 0xcf, 0xfe, 0xe0, 0x1f, 
0xfa, 0x8f, 0x69, 0x95, 0xf2, 0x87, 0xec, 0x45, 0xf1, 0xaf, 0x4a, 0xfd, 0x9a, 0xff, 0x00, 0x6d, 
0x0f, 0x84, 0x3f, 0x11, 0xb5, 0xdb, 0x7d, 0x42, 0xef, 0x44, 0xf0, 0x07, 0x8d, 0x74, 0x6f, 0x12, 
0x6a, 0x10, 0x58, 0x22, 0x49, 0x75, 0x35, 0xbd, 0x9d, 0xf4, 0x37, 0x12, 0xa4, 0x4a, 0xec, 0x88, 
0xd2, 0x14, 0x8d, 0x82, 0x86, 0x75, 0x04, 0x91, 0x96, 0x03, 0x9a, 0xfa, 0xbf, 0xfe, 0x0e, 0x8e, 
0xff, 0x00, 0x94, 0xeb, 0xfc, 0x73, 0xff, 0x00, 0xb8, 0x07, 0xfe, 0xa3, 0xda, 0x65, 0x7e, 0xbf, 
0xff, 0x00, 0xc4, 0x15, 0x3f, 0xb2, 0xc7, 0xfd, 0x0f, 0xdf, 0xb4, 0x07, 0xfe, 0x0f, 0x34, 0x8f, 
0xfe, 0x56, 0x50, 0x07, 0xcb, 0xff, 0x00, 0xf0, 0x59, 0x9f, 0xf8, 0x3a, 0x07, 0xe0, 0x17, 0xfc, 
0x14, 0x4b, 0xfe, 0x09, 0xb1, 0xf1, 0x23, 0xe0, 0xe7, 0x82, 0xbc, 0x21, 0xf1, 0x83, 0x4b, 0xf1, 
0x3f, 0x8c, 0x3f, 0xb3, 0x3e, 0xc5, 0x75, 0xad, 0xe9, 0x5a, 0x74, 0x16, 0x11, 0x7d, 0x9b, 0x54, 
0xb3, 0xbc, 0x93, 0xcc, 0x78, 0x6f, 0xa5, 0x90, 0x66, 0x3b, 0x77, 0x03, 0x6c, 0x6d, 0x96, 0x2a, 
0x0e, 0x06, 0x48, 0xe8, 0x3f, 0xe0, 0xc6, 0x3f, 0xf9, 0xba, 0x2f, 0xfb, 0x95, 0x3f, 0xf7, 0x35, 
0x5f, 0x40, 0x7f, 0xc4, 0x15, 0x3f, 0xb2, 0xc7, 0xfd, 0x0f, 0xdf, 0xb4, 0x07, 0xfe, 0x0f, 0x34, 
0x8f, 0xfe, 0x56, 0x57, 0xd7, 0xff, 0x00, 0xf0, 0x4a, 0x4f, 0xf8, 0x22, 0xa7, 0xc2, 0xcf, 0xf8, 
0x23, 0xe7, 0xfc, 0x27, 0xbf, 0xf0, 0xac, 0xf5, 0xff, 0x00, 0x88, 0x1a, 0xe7, 0xfc, 0x2c, 0x4f, 
0xec, 0xff, 0x00, 0xed, 0x2f, 0xf8, 0x49, 0xef, 0xac, 0xee, 0x7c, 0x8f, 0xb1, 0x7d, 0xab, 0xca, 
0xf2, 0x7e, 0xcf, 0x6d, 0x06, 0xdc, 0xfd, 0xae, 0x4d, 0xdb, 0xb7, 0x67, 0x6a, 0x63, 0x6e, 0x0e, 
0x40, 0x3e, 0xbf, 0xa2, 0x8a, 0x28, 0x03, 0xf9, 0xa8, 0xff, 0x00, 0x83, 0xda, 0xff, 0x00, 0xe4, 
0xfa, 0x7e, 0x11, 0xff, 0x00, 0xd8, 0x88, 0xdf, 0xfa, 0x70, 0xb9, 0xaf, 0xd7, 0x8f, 0xf8, 0x36, 
0xf7, 0xfe, 0x50, 0x95, 0xf0, 0x0f, 0xfe, 0xc1, 0x57, 0xbf, 0xfa, 0x73, 0xbb, 0xaf, 0xc8, 0x7f, 
0xf8, 0x3d, 0xaf, 0xfe, 0x4f, 0xa7, 0xe1, 0x1f, 0xfd, 0x88, 0x8d, 0xff, 0x00, 0xa7, 0x0b, 0x9a, 
0xfd, 0x78, 0xff, 0x00, 0x83, 0x6f, 0x7f, 0xe5, 0x09, 0x5f, 0x00, 0xff, 0x00, 0xec, 0x15, 0x7b, 
0xff, 0x00, 0xa7, 0x3b, 0xba, 0x00, 0xfe, 0x77, 0xbe, 0x27, 0x7f, 0xc1, 0xc5, 0xbf, 0xb6, 0x97, 
0x87, 0xbe, 0x25, 0x78, 0x87, 0x4f, 0xb3, 0xf8, 0xef, 0xaf, 0xc3, 0x69, 0x63, 0xa9, 0xdc, 0xdb, 
0xc1, 0x1f, 0xf6, 0x56, 0x9a, 0xdb, 0x11, 0x25, 0x65, 0x51, 0x93, 0x6c, 0x49, 0xc0, 0x03, 0x92, 
0x73, 0x58, 0x7f, 0xf1, 0x12, 0x2f, 0xed, 0xb7, 0xff, 0x00, 0x45, 0xef, 0x5f, 0xff, 0x00, 0xc1, 
0x4e, 0x99, 0xff, 0x00, 0xc8, 0xd5, 0xf2, 0x27, 0xc6, 0x8f, 0xf9, 0x2c, 0x5e, 0x2c, 0xff, 0x00, 
0xb0, 0xcd, 0xe7, 0xfe, 0x8f, 0x7a, 0xe6, 0xa8, 0x03, 0xfa, 0x60, 0xff, 0x00, 0x83, 0x4d, 0xbf, 
0xe0, 0xa5, 0x1f, 0x1c, 0x3f, 0xe0, 0xa0, 0xde, 0x26, 0xf8, 0xe7, 0x1f, 0xc6, 0x2f, 0x88, 0x1a, 
0x97, 0x8d, 0xe3, 0xf0, 0x9d, 0xae, 0x88, 0xda, 0x4a, 0xdc, 0xda, 0xdb, 0x5b, 0x8b, 0x33, 0x70, 
0xf7, 0xfe, 0x71, 0x02, 0x08, 0xd3, 0x71, 0x6f, 0x26, 0x2f, 0xbd, 0x9c, 0x6d, 0xe3, 0x19, 0x39, 
0xfc, 0xfd, 0xff, 0x00, 0x83, 0xc9, 0x3f, 0xe5, 0x2e, 0x1a, 0x6f, 0xfd, 0x93, 0xfd, 0x2f, 0xff, 
0x00, 0x4a, 0x6f, 0xab, 0xe8, 0xff, 0x00, 0xf8, 0x31, 0xb3, 0xfe, 0x46, 0xbf, 0xda, 0x57, 0xfe, 
0xbd, 0x3c, 0x37, 0xff, 0x00, 0xa1, 0xea, 0x95, 0xf3, 0x87, 0xfc, 0x1e, 0x49, 0xff, 0x00, 0x29, 
0x70, 0xd3, 0x7f, 0xec, 0x9f, 0xe9, 0x7f, 0xfa, 0x53, 0x7d, 0x40, 0x1f, 0xd0, 0x47, 0xfc, 0x11, 
0xa3, 0xfe, 0x51, 0x33, 0xfb, 0x37, 0xff, 0x00, 0xd9, 0x39, 0xd0, 0xff, 0x00, 0xf4, 0x8a, 0x2a, 
0xed, 0xbf, 0xe0, 0xa1, 0x3f, 0x14, 0xb5, 0xdf, 0x81, 0xdf, 0xb0, 0x2f, 0xc7, 0x0f, 0x1a, 0xf8, 
0x5a, 0xfb, 0xfb, 0x2f, 0xc4, 0xfe, 0x0f, 0xf8, 0x7f, 0xaf, 0x6b, 0x7a, 0x45, 0xef, 0x93, 0x1c, 
0xff, 0x00, 0x64, 0xbc, 0xb6, 0xd3, 0xae, 0x26, 0x82, 0x5f, 0x2e, 0x45, 0x68, 0xdf, 0x6c, 0x88, 
0xad, 0xb5, 0xd5, 0x94, 0xe3, 0x04, 0x11, 0x91, 0x5c, 0x4f, 0xfc, 0x11, 0xa3, 0xfe, 0x51, 0x33, 
0xfb, 0x37, 0xff, 0x00, 0xd9, 0x39, 0xd0, 0xff, 0x00, 0xf4, 0x8a, 0x2a, 0xfe, 0x26, 0x68, 0x03, 
0xe9, 0xff, 0x00, 0xdb, 0x5b, 0xfe, 0x0b, 0x33, 0xfb, 0x49, 0xff, 0x00, 0xc1, 0x44, 0xbe, 0x16, 
0x69, 0xfe, 0x0a, 0xf8, 0xc7, 0xf1, 0x23, 0xfe, 0x13, 0x0f, 0x0c, 0x69, 0x7a, 0xac, 0x7a, 0xdd, 
0xad, 0x97, 0xfc, 0x23, 0xfa, 0x5e, 0x9f, 0xe5, 0x5e, 0x47, 0x0c, 0xd0, 0xa4, 0xbe, 0x65, 0xad, 
0xb4, 0x52, 0x1c, 0x47, 0x71, 0x32, 0xed, 0x2c, 0x54, 0xef, 0xc9, 0x19, 0x00, 0x8f, 0xb7, 0xff, 
0x00, 0xe0, 0xd4, 0xaf, 0xf8, 0x25, 0xc7, 0xc0, 0x9f, 0xf8, 0x29, 0x47, 0xfc, 0x2f, 0xaf, 0xf8, 
0x5d, 0x7e, 0x06, 0xff, 0x00, 0x84, 0xd3, 0xfe, 0x10, 0xbf, 0xf8, 0x47, 0xbf, 0xb1, 0xbf, 0xe2, 
0x75, 0xa8, 0x69, 0xdf, 0x63, 0xfb, 0x57, 0xf6, 0xa7, 0x9f, 0xff, 0x00, 0x1e, 0x93, 0xc5, 0xbf, 
0x77, 0xd9, 0xe1, 0xfb, 0xfb, 0xb1, 0xb3, 0x8c, 0x64, 0xe7, 0xf2, 0xc7, 0xe0, 0xa7, 0xec, 0xf5, 
0xe3, 0xef, 0xda, 0x53, 0xc5, 0x57, 0x1a, 0x17, 0xc3, 0x9f, 0x03, 0xf8, 0xc3, 0xc7, 0xfa, 0xdd, 
0xa5, 0xa3, 0x5f, 0xcf, 0xa7, 0xf8, 0x6f, 0x46, 0xb9, 0xd5, 0x6e, 0xa1, 0xb7, 0x57, 0x44, 0x69, 
0x9a, 0x28, 0x11, 0xdd, 0x63, 0x0f, 0x24, 0x6a, 0x5c, 0x8c, 0x03, 0x22, 0x8c, 0xe5, 0x85, 0x68, 
0x7c, 0x74, 0xfd, 0x93, 0xbe, 0x29, 0xfe, 0xcb, 0xff, 0x00, 0xd9, 0x7f, 0xf0, 0xb3, 0x3e, 0x1a, 
0x7c, 0x40, 0xf8, 0x77, 0xfd, 0xb9, 0xe6, 0xff, 0x00, 0x66, 0xff, 0x00, 0xc2, 0x4f, 0xe1, 0xeb, 
0xcd, 0x23, 0xfb, 0x43, 0xca, 0xd9, 0xe6, 0xf9, 0x3f, 0x68, 0x8d, 0x3c, 0xcd, 0x9e, 0x6c, 0x7b, 
0xb6, 0xe7, 0x6f, 0x98, 0x99, 0xc6, 0xe1, 0x90, 0x0f, 0xd3, 0xef, 0xf8, 0x2a, 0x3f, 0xfc, 0x15, 
0x1f, 0xe3, 0xb7, 0xfc, 0x11, 0x73, 0xf6, 0xec, 0xf1, 0xcf, 0xec, 0xd1, 0xfb, 0x34, 0x78, 0xe7, 
0xfe, 0x15, 0xaf, 0xc1, 0x2f, 0x86, 0xbf, 0x60, 0xff, 0x00, 0x84, 0x73, 0xc3, 0x9f, 0xd8, 0xba, 
0x7e, 0xb3, 0xfd, 0x9d, 0xf6, 0xed, 0x3e, 0xdb, 0x52, 0xba, 0xff, 0x00, 0x4a, 0xd4, 0x20, 0xb8, 
0xba, 0x93, 0x7d, 0xdd, 0xe5, 0xcc, 0x9f, 0xbc, 0x95, 0xb6, 0xf9, 0x9b, 0x57, 0x6a, 0x2a, 0xa8, 
0xfd, 0x3f, 0xfd, 0x93, 0xbf, 0xe0, 0x82, 0xbf, 0xb2, 0x77, 0xed, 0xc7, 0xfb, 0x2c, 0x7c, 0x34, 
0xf8, 0xd7, 0xf1, 0x4b, 0xe1, 0x4f, 0xfc, 0x25, 0x1f, 0x13, 0x7e, 0x30, 0x78, 0x53, 0x4b, 0xf1, 
0xb7, 0x8b, 0xb5, 0x9f, 0xf8, 0x49, 0xb5, 0x8b, 0x2f, 0xed, 0x7d, 0x63, 0x52, 0xb3, 0x8a, 0xf6, 
0xf6, 0xeb, 0xc8, 0xb7, 0xbb, 0x8e, 0x08, 0x7c, 0xdb, 0x89, 0xa5, 0x7f, 0x2e, 0x18, 0xd2, 0x34, 
0xdd, 0x84, 0x45, 0x50, 0x00, 0xf4, 0x0f, 0xf8, 0x35, 0xc7, 0xfe, 0x50, 0x51, 0xf0, 0x33, 0xfe, 
0xe3, 0xff, 0x00, 0xfa, 0x90, 0xea, 0x75, 0xf7, 0xfd, 0x00, 0x7e, 0x40, 0xff, 0x00, 0xc1, 0x51, 
0xff, 0x00, 0xe0, 0x97, 0x1f, 0x02, 0x7f, 0xe0, 0x8b, 0x9f, 0xb0, 0x9f, 0x8e, 0x7f, 0x69, 0x7f, 
0xd9, 0xa3, 0xc0, 0xdf, 0xf0, 0xad, 0x7e, 0x36, 0xfc, 0x35, 0xfb, 0x07, 0xfc, 0x23, 0x9e, 0x23, 
0xfe, 0xda, 0xd4, 0x35, 0x9f, 0xec, 0xef, 0xb7, 0x6a, 0x16, 0xda, 0x6d, 0xd7, 0xfa, 0x2e, 0xa1, 
0x3d, 0xc5, 0xac, 0x9b, 0xed, 0x2f, 0x2e, 0x63, 0xfd, 0xe4, 0x4d, 0xb7, 0xcc, 0xdc, 0xbb, 0x5d, 
0x55, 0x87, 0xe4, 0x07, 0xfc, 0x45, 0x1d, 0xfb, 0x76, 0x7f, 0xd1, 0x73, 0xff, 0x00, 0xcb, 0x33, 
0xc3, 0xdf, 0xfc, 0x83, 0x5f, 0x30, 0x7c, 0x52, 0xff, 0x00, 0x82, 0x7b, 0x7c, 0x7d, 0xf8, 0x1d, 
0xe0, 0x4b, 0xef, 0x14, 0xf8, 0xd7, 0xe0, 0x7f, 0xc6, 0x0f, 0x07, 0xf8, 0x63, 0x4b, 0xf2, 0xfe, 
0xdb, 0xab, 0xeb, 0x7e, 0x0d, 0xd4, 0x74, 0xfb, 0x0b, 0x4f, 0x32, 0x45, 0x8a, 0x3f, 0x32, 0x79, 
0xa1, 0x58, 0xd3, 0x74, 0x8e, 0x88, 0x37, 0x11, 0x96, 0x75, 0x03, 0x92, 0x05, 0x7e, 0x8f, 0x7f, 
0xc1, 0x95, 0x3f, 0xf2, 0x94, 0xdf, 0x1f, 0x7f, 0xd9, 0x2a, 0xd4, 0x7f, 0xf4, 0xef, 0xa3, 0xd0, 
0x07, 0xea, 0xff, 0x00, 0xfc, 0x1a, 0xfd, 0xfb, 0x7a, 0xfc, 0x58, 0xff, 0x00, 0x82, 0x89, 0x7e, 
0xc0, 0xbe, 0x2f, 0xf1, 0xaf, 0xc6, 0x3f, 0x15, 0xff, 0x00, 0xc2, 0x61, 0xe2, 0x7d, 0x2f, 0xe2, 
0x05, 0xe6, 0x89, 0x6b, 0x7b, 0xfd, 0x99, 0x67, 0xa7, 0xf9, 0x56, 0x71, 0xe9, 0xda, 0x6c, 0xc9, 
0x17, 0x97, 0x6b, 0x14, 0x51, 0x9c, 0x49, 0x71, 0x33, 0x6e, 0x2a, 0x58, 0xef, 0xc1, 0x38, 0x00, 
0x0f, 0xce, 0x0f, 0xf8, 0x2f, 0x57, 0xfc, 0x17, 0xab, 0xf6, 0xb1, 0xfd, 0x8b, 0xbf, 0xe0, 0xac, 
0x5f, 0x15, 0xbe, 0x19, 0xfc, 0x34, 0xf8, 0xad, 0xff, 0x00, 0x08, 0xd7, 0x82, 0x7c, 0x35, 0xfd, 
0x91, 0xfd, 0x9b, 0xa6, 0xff, 0x00, 0xc2, 0x33, 0xa3, 0xde, 0x7d, 0x9b, 0xcf, 0xd1, 0xec, 0x6e, 
0x65, 0xfd, 0xed, 0xc5, 0xa4, 0x92, 0xb6, 0xe9, 0xa6, 0x91, 0xbe, 0x67, 0x38, 0xdd, 0x81, 0x80, 
0x00, 0x1a, 0x1f, 0xf0, 0x77, 0x5f, 0xec, 0x45, 0xf1, 0xa3, 0xf6, 0x94, 0xff, 0x00, 0x82, 0x92, 
0x78, 0x27, 0x5d, 0xf8, 0x73, 0xf0, 0x87, 0xe2, 0x87, 0x8f, 0xf4, 0x4b, 0x4f, 0x86, 0xb6, 0x16, 
0x13, 0xea, 0x1e, 0x1b, 0xf0, 0xad, 0xf6, 0xab, 0x6b, 0x0d, 0xc2, 0xea, 0x9a, 0xab, 0xb4, 0x2d, 
0x2c, 0x11, 0x3a, 0x2c, 0x81, 0x24, 0x8d, 0x8a, 0x13, 0x90, 0x24, 0x53, 0x8c, 0x30, 0xaf, 0xc5, 
0x1f, 0x8a, 0x5f, 0x09, 0xfc, 0x55, 0xf0, 0x3b, 0xc7, 0x77, 0xde, 0x16, 0xf1, 0xaf, 0x86, 0x7c, 
0x41, 0xe0, 0xff, 0x00, 0x13, 0xe9, 0x7e, 0x5f, 0xdb, 0x74, 0x8d, 0x6f, 0x4e, 0x9b, 0x4f, 0xbf, 
0xb4, 0xf3, 0x23, 0x59, 0x63, 0xf3, 0x20, 0x99, 0x56, 0x44, 0xdd, 0x1b, 0xa3, 0x8d, 0xc0, 0x65, 
0x5d, 0x48, 0xe0, 0x83, 0x40, 0x1f, 0xd1, 0xf7, 0xc5, 0x9f, 0xf8, 0x23, 0x37, 0xec, 0xd9, 0xf1, 
0xc7, 0xfe, 0x08, 0xbf, 0xe2, 0x6f, 0xda, 0x83, 0xc5, 0x3f, 0x0d, 0xff, 0x00, 0xb5, 0x3e, 0x39, 
0xf8, 0xc3, 0xe0, 0xad, 0xd7, 0xc5, 0x2d, 0x5f, 0xc4, 0xdf, 0xf0, 0x90, 0x6a, 0x90, 0x7d, 0xaf, 
0xc4, 0x77, 0x3a, 0x13, 0xea, 0x73, 0xdf, 0x7d, 0x92, 0x3b, 0x95, 0xb4, 0x4d, 0xd7, 0x8e, 0xd2, 
0xf9, 0x29, 0x0a, 0xc2, 0x33, 0xb4, 0x46, 0x13, 0x0b, 0x5f, 0xcf, 0x0f, 0xec, 0xb9, 0xfb, 0x51, 
0xf8, 0xef, 0xf6, 0x2e, 0xf8, 0xed, 0xa1, 0x7c, 0x4c, 0xf8, 0x69, 0xae, 0xff, 0x00, 0xc2, 0x35, 
0xe3, 0x6f, 0x0d, 0x7d, 0xa3, 0xfb, 0x37, 0x52, 0xfb, 0x15, 0xbd, 0xe7, 0xd9, 0xbc, 0xfb, 0x79, 
0x6d, 0xa5, 0xfd, 0xd5, 0xc4, 0x72, 0x44, 0xdb, 0xa1, 0x9a, 0x45, 0xf9, 0x90, 0xe3, 0x76, 0x46, 
0x08, 0x04, 0x76, 0x1e, 0x13, 0xff, 0x00, 0x82, 0x64, 0xfe, 0xd2, 0x5e, 0x3d, 0xf0, 0xae, 0x99, 
0xae, 0xe8, 0x5f, 0xb3, 0xe7, 0xc7, 0x0d, 0x6b, 0x44, 0xd6, 0xad, 0x22, 0xbf, 0xd3, 0xf5, 0x0b, 
0x0f, 0x02, 0xea, 0x97, 0x36, 0xb7, 0xf6, 0xf2, 0xa0, 0x78, 0xa6, 0x8a, 0x54, 0x80, 0xa4, 0x91, 
0xba, 0x32, 0xb2, 0xba, 0x92, 0x18, 0x10, 0x41, 0x20, 0xd6, 0x7f, 0xc5, 0x2f, 0xf8, 0x27, 0xb7, 
0xc7, 0xdf, 0x81, 0xde, 0x04, 0xbe, 0xf1, 0x4f, 0x8d, 0x7e, 0x07, 0xfc, 0x60, 0xf0, 0x7f, 0x86, 
0x34, 0xbf, 0x2f, 0xed, 0xba, 0xbe, 0xb7, 0xe0, 0xdd, 0x47, 0x4f, 0xb0, 0xb4, 0xf3, 0x24, 0x58, 
0xa3, 0xf3, 0x27, 0x9a, 0x15, 0x8d, 0x37, 0x48, 0xe8, 0x83, 0x71, 0x19, 0x67, 0x50, 0x39, 0x20, 
0x50, 0x07, 0xd3, 0xff, 0x00, 0xf1, 0x14, 0x77, 0xed, 0xd9, 0xff, 0x00, 0x45, 0xcf, 0xff, 0x00, 
0x2c, 0xcf, 0x0f, 0x7f, 0xf2, 0x0d, 0x1f, 0xf1, 0x14, 0x77, 0xed, 0xd9, 0xff, 0x00, 0x45, 0xcf, 
0xff, 0x00, 0x2c, 0xcf, 0x0f, 0x7f, 0xf2, 0x0d, 0x7a, 0x87, 0xfc, 0x1a, 0x29, 0xfb, 0x42, 0xf8, 
0x07, 0xf6, 0x6b, 0xff, 0x00, 0x82, 0x92, 0x78, 0xdb, 0x5d, 0xf8, 0x8d, 0xe3, 0x8f, 0x07, 0xf8, 
0x03, 0x44, 0xbb, 0xf8, 0x6b, 0x7f, 0x61, 0x06, 0xa1, 0xe2, 0x4d, 0x66, 0xdb, 0x4a, 0xb5, 0x9a, 
0xe1, 0xb5, 0x4d, 0x29, 0xd6, 0x15, 0x96, 0x77, 0x44, 0x69, 0x0a, 0x47, 0x23, 0x04, 0x07, 0x24, 
0x46, 0xc7, 0x18, 0x53, 0x5f, 0xd1, 0x77, 0xfc, 0x3d, 0x8b, 0xf6, 0x58, 0xff, 0x00, 0xa3, 0x96, 
0xfd, 0x9f, 0xff, 0x00, 0xf0, 0xe1, 0xe9, 0x1f, 0xfc, 0x91, 0x40, 0x1f, 0xc6, 0x17, 0xed, 0x47, 
0xfb, 0x51, 0xf8, 0xef, 0xf6, 0xd1, 0xf8, 0xed, 0xae, 0xfc, 0x4c, 0xf8, 0x97, 0xae, 0xff, 0x00, 
0xc2, 0x4b, 0xe3, 0x6f, 0x12, 0xfd, 0x9f, 0xfb, 0x4b, 0x52, 0xfb, 0x15, 0xbd, 0x9f, 0xda, 0x7c, 
0x8b, 0x78, 0xad, 0xa2, 0xfd, 0xd5, 0xbc, 0x71, 0xc4, 0xbb, 0x61, 0x86, 0x35, 0xf9, 0x50, 0x67, 
0x6e, 0x4e, 0x49, 0x24, 0xff, 0x00, 0x77, 0x95, 0xfc, 0xa1, 0x7f, 0xc1, 0x7a, 0xbf, 0x64, 0xef, 
0x8a, 0x7f, 0xb7, 0x1f, 0xfc, 0x15, 0x8b, 0xe2, 0xb7, 0xc5, 0x2f, 0x82, 0x9f, 0x0d, 0x3e, 0x20, 
0x7c, 0x60, 0xf8, 0x65, 0xe2, 0x8f, 0xec, 0x8f, 0xec, 0x6f, 0x17, 0x78, 0x27, 0xc3, 0xd7, 0x9e, 
0x20, 0xd0, 0xb5, 0x7f, 0xb3, 0xe8, 0xf6, 0x36, 0xb3, 0xfd, 0x9e, 0xf6, 0xd2, 0x39, 0x20, 0x9b, 
0xca, 0xb8, 0x86, 0x68, 0x5f, 0x63, 0x9d, 0x92, 0x45, 0x22, 0x1c, 0x32, 0x90, 0x3f, 0xa3, 0xef, 
0xf8, 0x2b, 0x17, 0xfc, 0xa2, 0xcb, 0xf6, 0x96, 0xff, 0x00, 0xb2, 0x55, 0xe2, 0x8f, 0xfd, 0x34, 
0x5d, 0x50, 0x07, 0x9f, 0xff, 0x00, 0xc1, 0x7a, 0xbf, 0x6a, 0x3f, 0x1d, 0xfe, 0xc5, 0xdf, 0xf0, 
0x49, 0xef, 0x8a, 0xdf, 0x13, 0x3e, 0x1a, 0x6b, 0xbf, 0xf0, 0x8d, 0x78, 0xdb, 0xc3, 0x5f, 0xd9, 
0x1f, 0xd9, 0xba, 0x97, 0xd8, 0xad, 0xef, 0x3e, 0xcd, 0xe7, 0xeb, 0x16, 0x36, 0xd2, 0xfe, 0xea, 
0xe2, 0x39, 0x22, 0x6d, 0xd0, 0xcd, 0x22, 0xfc, 0xc8, 0x71, 0xbb, 0x23, 0x04, 0x02, 0x3f, 0x9c, 
0x1f, 0xf8, 0x8a, 0x3b, 0xf6, 0xec, 0xff, 0x00, 0xa2, 0xe7, 0xff, 0x00, 0x96, 0x67, 0x87, 0xbf, 
0xf9, 0x06, 0xbe, 0x20, 0xf8, 0x5b, 0xf0, 0x9f, 0xc5, 0x5f, 0x1c, 0x7c, 0x77, 0x63, 0xe1, 0x6f, 
0x05, 0x78, 0x67, 0xc4, 0x1e, 0x30, 0xf1, 0x3e, 0xa9, 0xe6, 0x7d, 0x8b, 0x48, 0xd1, 0x34, 0xe9, 
0xb5, 0x0b, 0xfb, 0xbf, 0x2e, 0x36, 0x96, 0x4f, 0x2e, 0x08, 0x55, 0xa4, 0x7d, 0xb1, 0xa3, 0xb9, 
0xda, 0x0e, 0x15, 0x18, 0x9e, 0x01, 0x35, 0xfb, 0xbd, 0xff, 0x00, 0x06, 0xa5, 0x7f, 0xc6, 0xaf, 
0xbf, 0xe1, 0x7d, 0x7f, 0xc3, 0x4b, 0xff, 0x00, 0xc6, 0x3b, 0xff, 0x00, 0xc2, 0x71, 0xff, 0x00, 
0x08, 0xf7, 0xfc, 0x23, 0x9f, 0xf0, 0xb3, 0x7f, 0xe2, 0x92, 0xff, 0x00, 0x84, 0x83, 0xec, 0x9f, 
0xda, 0x9f, 0x6a, 0xfb, 0x1f, 0xf6, 0x87, 0x93, 0xf6, 0x8f, 0x27, 0xed, 0x36, 0xde, 0x67, 0x97, 
0xbb, 0xcb, 0xfb, 0x44, 0x5b, 0xb1, 0xbd, 0x72, 0x01, 0xf6, 0xff, 0x00, 0xfc, 0x1a, 0xfd, 0xfb, 
0x7a, 0xfc, 0x58, 0xff, 0x00, 0x82, 0x89, 0x7e, 0xc0, 0xbe, 0x2f, 0xf1, 0xaf, 0xc6, 0x3f, 0x15, 
0xff, 0x00, 0xc2, 0x61, 0xe2, 0x7d, 0x2f, 0xe2, 0x05, 0xe6, 0x89, 0x6b, 0x7b, 0xfd, 0x99, 0x67, 
0xa7, 0xf9, 0x56, 0x71, 0xe9, 0xda, 0x6c, 0xc9, 0x17, 0x97, 0x6b, 0x14, 0x51, 0x9c, 0x49, 0x71, 
0x33, 0x6e, 0x2a, 0x58, 0xef, 0xc1, 0x38, 0x00, 0x02, 0xbe, 0xef, 0xf8, 0x29, 0xfb, 0x42, 0xf8, 
0x07, 0xf6, 0x94, 0xf0, 0xad, 0xc6, 0xbb, 0xf0, 0xe7, 0xc7, 0x1e, 0x0f, 0xf1, 0xfe, 0x89, 0x69, 
0x76, 0xd6, 0x13, 0xea, 0x1e, 0x1b, 0xd6, 0x6d, 0xb5, 0x5b, 0x58, 0x6e, 0x15, 0x11, 0xda, 0x16, 
0x96, 0x07, 0x74, 0x59, 0x02, 0x49, 0x1b, 0x14, 0x27, 0x20, 0x48, 0xa7, 0x18, 0x61, 0x45, 0x00, 
0x7f, 0x3b, 0x1f, 0xf0, 0x7b, 0x5f, 0xfc, 0x9f, 0x4f, 0xc2, 0x3f, 0xfb, 0x11, 0x1b, 0xff, 0x00, 
0x4e, 0x17, 0x35, 0xfa, 0xf1, 0xff, 0x00, 0x06, 0xde, 0xff, 0x00, 0xca, 0x12, 0xbe, 0x01, 0xff, 
0x00, 0xd8, 0x2a, 0xf7, 0xff, 0x00, 0x4e, 0x77, 0x75, 0xf9, 0x0f, 0xff, 0x00, 0x07, 0xb5, 0xff, 
0x00, 0xc9, 0xf4, 0xfc, 0x23, 0xff, 0x00, 0xb1, 0x11, 0xbf, 0xf4, 0xe1, 0x73, 0x52, 0xff, 0x00, 
0xc1, 0x34, 0xff, 0x00, 0xe0, 0xec, 0x3f, 0x0d, 0x7f, 0xc1, 0x3f, 0x3f, 0x61, 0xaf, 0x87, 0x9f, 
0x07, 0xa7, 0xf8, 0x2d, 0xae, 0x78, 0xaa, 0x7f, 0x04, 0x59, 0x4b, 0x6d, 0x26, 0xa9, 0x1f, 0x88, 
0xe2, 0xb3, 0x4b, 0xb6, 0x92, 0xe6, 0x59, 0xc9, 0x11, 0x18, 0x1c, 0xa8, 0x53, 0x2e, 0xde, 0x58, 
0xe7, 0x6e, 0x78, 0xce, 0x00, 0x07, 0x8f, 0xfc, 0x41, 0xff, 0x00, 0x83, 0x4f, 0xff, 0x00, 0x6c, 
0x9f, 0x16, 0x78, 0xf7, 0x5c, 0xd5, 0x6d, 0xbc, 0x25, 0xe1, 0x04, 0xb7, 0xd4, 0xf5, 0x09, 0xee, 
0xa2, 0x59, 0x3c, 0x53, 0x68, 0x1d, 0x56, 0x49, 0x19, 0x80, 0x60, 0x18, 0x8c, 0xe0, 0xf3, 0x82, 
0x6b, 0x23, 0xfe, 0x21, 0x20, 0xfd, 0xb3, 0xff, 0x00, 0xe8, 0x54, 0xf0, 0x5f, 0xfe, 0x15, 0x56, 
0xbf, 0xe3, 0x5f, 0x75, 0xff, 0x00, 0xc4, 0x71, 0x7e, 0x15, 0xff, 0x00, 0xa3, 0x76, 0xf1, 0x07, 
0xfe, 0x15, 0xf0, 0xff, 0x00, 0xf2, 0x25, 0x1f, 0xf1, 0x1c, 0x5f, 0x85, 0x7f, 0xe8, 0xdd, 0xbc, 
0x41, 0xff, 0x00, 0x85, 0x7c, 0x3f, 0xfc, 0x89, 0x40, 0x1e, 0xdb, 0xff, 0x00, 0x06, 0xc0, 0x7f, 
0xc1, 0x21, 0x7e, 0x36, 0x7f, 0xc1, 0x2d, 0x7c, 0x41, 0xf1, 0xa2, 0x7f, 0x8b, 0xba, 0x46, 0x8b, 
0xa6, 0x45, 0xe3, 0x6b, 0x7d, 0x1a, 0x3d, 0x2d, 0xb4, 0xfd, 0x5a, 0x2b, 0xef, 0x31, 0xad, 0x9a, 
0xf4, 0xca, 0x1b, 0x61, 0xf9, 0x78, 0x9e, 0x3c, 0x67, 0xaf, 0x3e, 0x95, 0xf9, 0xa5, 0xff, 0x00, 
0x07, 0x92, 0x7f, 0xca, 0x5c, 0x34, 0xdf, 0xfb, 0x27, 0xfa, 0x5f, 0xfe, 0x94, 0xdf, 0x57, 0xd8, 
0x1f, 0xf1, 0x1c, 0x5f, 0x85, 0x7f, 0xe8, 0xdd, 0xbc, 0x41, 0xff, 0x00, 0x85, 0x7c, 0x3f, 0xfc, 
0x89, 0x5f, 0x93, 0x9f, 0xf0, 0x5a, 0xdf, 0xf8, 0x29, 0xbe, 0x9f, 0xff, 0x00, 0x05, 0x65, 0xfd, 
0xb0, 0xad, 0x3e, 0x29, 0x69, 0xbe, 0x11, 0xbc, 0xf0, 0x54, 0x10, 0x78, 0x72, 0xd3, 0x43, 0x6d, 
0x3a, 0xe6, 0xfd, 0x6f, 0x9c, 0xb4, 0x32, 0xdc, 0x3f, 0x98, 0x24, 0x54, 0x41, 0x82, 0x26, 0x03, 
0x1b, 0x78, 0xda, 0x68, 0x03, 0xfa, 0xab, 0xff, 0x00, 0x82, 0x34, 0x7f, 0xca, 0x26, 0x7f, 0x66, 
0xff, 0x00, 0xfb, 0x27, 0x3a, 0x1f, 0xfe, 0x91, 0x45, 0x5f, 0xc4, 0xcd, 0x7f, 0x6c, 0xdf, 0xf0, 
0x46, 0x8f, 0xf9, 0x44, 0xcf, 0xec, 0xdf, 0xff, 0x00, 0x64, 0xe7, 0x43, 0xff, 0x00, 0xd2, 0x28, 
0xab, 0xf8, 0x99, 0xa0, 0x0f, 0xd7, 0xef, 0xf8, 0x32, 0xa7, 0xfe, 0x52, 0x9b, 0xe3, 0xef, 0xfb, 
0x25, 0x5a, 0x8f, 0xfe, 0x9d, 0xf4, 0x7a, 0xfd, 0x00, 0xff, 0x00, 0x83, 0xad, 0x7f, 0xe0, 0x97, 
0x1f, 0x1d, 0xbf, 0xe0, 0xa5, 0x1f, 0xf0, 0xa1, 0x7f, 0xe1, 0x4a, 0x78, 0x1b, 0xfe, 0x13, 0x4f, 
0xf8, 0x42, 0xff, 0x00, 0xe1, 0x21, 0xfe, 0xd9, 0xff, 0x00, 0x89, 0xd6, 0x9f, 0xa7, 0x7d, 0x8f, 
0xed, 0x5f, 0xd9, 0x7e, 0x47, 0xfc, 0x7d, 0xcf, 0x16, 0xfd, 0xdf, 0x67, 0x9b, 0xee, 0x6e, 0xc6, 
0xce, 0x71, 0x91, 0x9f, 0xc4, 0x0f, 0xf8, 0x22, 0xa7, 0xfc, 0x15, 0x6f, 0xfe, 0x1c, 0xf9, 0xfb, 
0x53, 0xeb, 0xff, 0x00, 0x13, 0x3f, 0xe1, 0x02, 0xff, 0x00, 0x85, 0x89, 0xfd, 0xb9, 0xe1, 0x4b, 
0x8f, 0x0c, 0x7f, 0x66, 0xff, 0x00, 0x6d, 0xff, 0x00, 0x64, 0x79, 0x1e, 0x6d, 0xe5, 0x9d, 0xcf, 
0x9f, 0xe6, 0xfd, 0x9e, 0x7d, 0xd8, 0xfb, 0x26, 0xdd, 0x9b, 0x06, 0x7c, 0xcc, 0xee, 0x1b, 0x70, 
0x7f, 0x4f, 0xff, 0x00, 0xe2, 0x39, 0xcf, 0xfa, 0xb5, 0xdf, 0xfc, 0xc9, 0x1f, 0xfd, 0xeb, 0xa0, 
0x0f, 0xd3, 0xff, 0x00, 0xf8, 0x20, 0xaf, 0xec, 0xb9, 0xe3, 0xbf, 0xd8, 0xbb, 0xfe, 0x09, 0x3d, 
0xf0, 0xa7, 0xe1, 0x9f, 0xc4, 0xbd, 0x0b, 0xfe, 0x11, 0xaf, 0x1b, 0x78, 0x6b, 0xfb, 0x5f, 0xfb, 
0x4b, 0x4d, 0xfb, 0x6d, 0xbd, 0xe7, 0xd9, 0xbc, 0xfd, 0x62, 0xfa, 0xe6, 0x2f, 0xde, 0xdb, 0xc9, 
0x24, 0x4d, 0xba, 0x19, 0xa3, 0x6f, 0x95, 0xce, 0x37, 0x60, 0xe0, 0x82, 0x07, 0x3f, 0xf1, 0x67, 
0xfe, 0x0e, 0x3c, 0xfd, 0x8c, 0x7e, 0x07, 0x7c, 0x53, 0xf1, 0x37, 0x82, 0xbc, 0x53, 0xf1, 0x93, 
0xfb, 0x2f, 0xc4, 0xfe, 0x0f, 0xd5, 0x6e, 0xb4, 0x4d, 0x5e, 0xcb, 0xfe, 0x11, 0x2d, 0x72, 0x7f, 
0xb2, 0x5e, 0x5b, 0x4c, 0xf0, 0xcf, 0x17, 0x99, 0x1d, 0x93, 0x46, 0xfb, 0x64, 0x46, 0x5d, 0xc8, 
0xcc, 0xa7, 0x19, 0x04, 0x8c, 0x1a, 0xfc, 0xe0, 0xff, 0x00, 0x88, 0xe7, 0x3f, 0xea, 0xd7, 0x7f, 
0xf3, 0x24, 0x7f, 0xf7, 0xae, 0xbf, 0x10, 0x7f, 0x6b, 0x1f, 0x8e, 0x9f, 0xf0, 0xd4, 0x1f, 0xb5, 
0x3f, 0xc4, 0xbf, 0x89, 0x9f, 0xd9, 0x7f, 0xd8, 0x7f, 0xf0, 0xb1, 0x3c, 0x57, 0xaa, 0x78, 0x9f, 
0xfb, 0x37, 0xed, 0x3f, 0x69, 0xfe, 0xcf, 0xfb, 0x6d, 0xe4, 0xb7, 0x3e, 0x47, 0x9b, 0xb1, 0x3c, 
0xcd, 0x9e, 0x6e, 0xdd, 0xfb, 0x17, 0x76, 0xdc, 0xed, 0x5c, 0xe0, 0x00, 0x7f, 0x47, 0xdf, 0xf0, 
0x54, 0x7f, 0xf8, 0x2a, 0x3f, 0xc0, 0x9f, 0xf8, 0x2d, 0x1f, 0xec, 0x27, 0xe3, 0x9f, 0xd9, 0xa3, 
0xf6, 0x68, 0xf1, 0xcf, 0xfc, 0x2c, 0xaf, 0x8d, 0xbf, 0x12, 0xbe, 0xc1, 0xff, 0x00, 0x08, 0xe7, 
0x87, 0x3f, 0xb1, 0x75, 0x0d, 0x1b, 0xfb, 0x47, 0xec, 0x3a, 0x85, 0xb6, 0xa5, 0x75, 0xfe, 0x95, 
0xa8, 0x41, 0x6f, 0x6b, 0x1e, 0xcb, 0x4b, 0x3b, 0x99, 0x3f, 0x79, 0x2a, 0xee, 0xf2, 0xf6, 0xae, 
0xe7, 0x65, 0x53, 0xe3, 0xff, 0x00, 0xf0, 0x6b, 0xf7, 0xfc, 0x11, 0x9b, 0xf6, 0x93, 0xff, 0x00, 
0x82, 0x76, 0xfe, 0xdf, 0x5e, 0x2f, 0xf1, 0xaf, 0xc6, 0x3f, 0x86, 0xff, 0x00, 0xf0, 0x87, 0xf8, 
0x63, 0x54, 0xf8, 0x7f, 0x79, 0xa2, 0x5a, 0xde, 0xff, 0x00, 0xc2, 0x41, 0xa5, 0xea, 0x1e, 0x6d, 
0xe4, 0x9a, 0x8e, 0x9b, 0x32, 0x45, 0xe5, 0xda, 0xdc, 0xcb, 0x20, 0xcc, 0x76, 0xf3, 0x36, 0xe2, 
0xa1, 0x46, 0xcc, 0x13, 0x92, 0x01, 0xfc, 0xe0, 0xff, 0x00, 0x83, 0x5c, 0x7f, 0xe5, 0x3a, 0xff, 
0x00, 0x03, 0x3f, 0xee, 0x3f, 0xff, 0x00, 0xa8, 0xf6, 0xa7, 0x5f, 0xd7, 0xed, 0x00, 0x15, 0xfc, 
0xe0, 0xff, 0x00, 0xc1, 0x7a, 0xbf, 0xe0, 0x82, 0xbf, 0xb5, 0x8f, 0xed, 0xa3, 0xff, 0x00, 0x05, 
0x62, 0xf8, 0xad, 0xf1, 0x33, 0xe1, 0xa7, 0xc2, 0x9f, 0xf8, 0x49, 0x7c, 0x13, 0xe2, 0x5f, 0xec, 
0x8f, 0xec, 0xdd, 0x4b, 0xfe, 0x12, 0x6d, 0x1e, 0xcf, 0xed, 0x3e, 0x46, 0x8f, 0x63, 0x6d, 0x2f, 
0xee, 0xae, 0x2e, 0xe3, 0x95, 0x76, 0xcd, 0x0c, 0x8b, 0xf3, 0x20, 0xce, 0xdc, 0x8c, 0x82, 0x09, 
0xfb, 0xff, 0x00, 0xfe, 0x0b, 0x57, 0xff, 0x00, 0x07, 0x21, 0x7f, 0xc3, 0x9f, 0x3f, 0x6a, 0x7d, 
0x03, 0xe1, 0x9f, 0xfc, 0x29, 0xaf, 0xf8, 0x58, 0x9f, 0xdb, 0x9e, 0x14, 0xb7, 0xf1, 0x3f, 0xf6, 
0x97, 0xfc, 0x25, 0xbf, 0xd9, 0x1e, 0x47, 0x9b, 0x79, 0x79, 0x6d, 0xe4, 0x79, 0x5f, 0x62, 0x9f, 
0x76, 0x3e, 0xc9, 0xbb, 0x7e, 0xf1, 0x9f, 0x33, 0x1b, 0x46, 0xdc, 0x9f, 0xb0, 0x3f, 0xe0, 0x97, 
0x1f, 0xb7, 0x3f, 0xfc, 0x3c, 0xa3, 0xf6, 0x13, 0xf0, 0x37, 0xc6, 0xbf, 0xf8, 0x45, 0xbf, 0xe1, 
0x0b, 0xff, 0x00, 0x84, 0xd3, 0xed, 0xff, 0x00, 0xf1, 0x26, 0xfe, 0xd2, 0xfe, 0xd1, 0xfb, 0x1f, 
0xd9, 0x75, 0x0b, 0x9b, 0x2f, 0xf5, 0xfe, 0x54, 0x5b, 0xf7, 0x7d, 0x9f, 0x7f, 0xfa, 0xb5, 0xc6, 
0xfc, 0x73, 0x8c, 0x90, 0x0f, 0x8f, 0xff, 0x00, 0x64, 0xef, 0xf8, 0x2f, 0x57, 0xec, 0x9d, 0xfb, 
0x0e, 0x7e, 0xcb, 0x1f, 0x0d, 0x3e, 0x0a, 0x7c, 0x52, 0xf8, 0xad, 0xff, 0x00, 0x08, 0xbf, 0xc4, 
0xdf, 0x83, 0xfe, 0x14, 0xd2, 0xfc, 0x13, 0xe2, 0xed, 0x1b, 0xfe, 0x11, 0x9d, 0x62, 0xf7, 0xfb, 
0x23, 0x58, 0xd3, 0x6c, 0xe2, 0xb2, 0xbd, 0xb5, 0xf3, 0xed, 0xed, 0x24, 0x82, 0x6f, 0x2a, 0xe2, 
0x19, 0x53, 0xcc, 0x86, 0x47, 0x8d, 0xf6, 0xe5, 0x1d, 0x94, 0x82, 0x78, 0x0f, 0xf8, 0x2a, 0x3f, 
0xfc, 0x15, 0x1f, 0xe0, 0x4f, 0xfc, 0x16, 0x8f, 0xf6, 0x13, 0xf1, 0xcf, 0xec, 0xd1, 0xfb, 0x34, 
0x78, 0xe7, 0xfe, 0x16, 0x57, 0xc6, 0xdf, 0x89, 0x5f, 0x60, 0xff, 0x00, 0x84, 0x73, 0xc3, 0x9f, 
0xd8, 0xba, 0x86, 0x8d, 0xfd, 0xa3, 0xf6, 0x1d, 0x42, 0xdb, 0x52, 0xba, 0xff, 0x00, 0x4a, 0xd4, 
0x20, 0xb7, 0xb5, 0x8f, 0x65, 0xa5, 0x9d, 0xcc, 0x9f, 0xbc, 0x95, 0x77, 0x79, 0x7b, 0x57, 0x73, 
0xb2, 0xa9, 0xf9, 0xff, 0x00, 0xfe, 0x0a, 0xc5, 0xff, 0x00, 0x06, 0xa5, 0x7f, 0xc9, 0xcb, 0x7e, 
0xd2, 0xff, 0x00, 0xf0, 0xbe, 0xbf, 0xe8, 0x68, 0xf8, 0x9b, 0xff, 0x00, 0x08, 0xe7, 0xfc, 0x21, 
0x3f, 0xf5, 0xf5, 0xa9, 0x7d, 0x87, 0xed, 0x5f, 0x6f, 0xff, 0x00, 0xb6, 0x7e, 0x6f, 0x95, 0xfe, 
0xd7, 0x97, 0xfc, 0x35, 0xf9, 0x01, 0xff, 0x00, 0x04, 0xb8, 0xfd, 0xb9, 0xff, 0x00, 0xe1, 0xda, 
0xff, 0x00, 0xb7, 0x67, 0x81, 0xbe, 0x35, 0xff, 0x00, 0xc2, 0x2d, 0xff, 0x00, 0x09, 0xa7, 0xfc, 
0x21, 0x7f, 0x6f, 0xff, 0x00, 0x89, 0x37, 0xf6, 0x97, 0xf6, 0x77, 0xdb, 0x3e, 0xd5, 0xa7, 0xdc, 
0xd9, 0x7f, 0xaf, 0xf2, 0xa5, 0xd9, 0xb7, 0xed, 0x1b, 0xff, 0x00, 0xd5, 0xb6, 0x76, 0x63, 0x8c, 
0xe4, 0x00, 0x7d, 0x01, 0xff, 0x00, 0x10, 0xb8, 0xfe, 0xdd, 0x9f, 0xf4, 0x43, 0x3f, 0xf2, 0xf3, 
0xf0, 0xf7, 0xff, 0x00, 0x27, 0x57, 0xcc, 0x1f, 0xb6, 0xb7, 0xec, 0x15, 0xf1, 0x63, 0xfe, 0x09, 
0xdb, 0xf1, 0x4f, 0x4f, 0xf0, 0x57, 0xc6, 0x3f, 0x0a, 0x7f, 0xc2, 0x1f, 0xe2, 0x7d, 0x53, 0x4a, 
0x8f, 0x5b, 0xb5, 0xb2, 0xfe, 0xd3, 0xb3, 0xd4, 0x3c, 0xdb, 0x39, 0x26, 0x9a, 0x14, 0x97, 0xcc, 
0xb5, 0x96, 0x58, 0xc6, 0x64, 0xb7, 0x99, 0x76, 0x96, 0x0c, 0x36, 0x64, 0x8c, 0x10, 0x4f, 0xf4, 
0xbb, 0xff, 0x00, 0x04, 0x54, 0xff, 0x00, 0x83, 0x90, 0xbf, 0xe1, 0xf0, 0x7f, 0xb5, 0x3e, 0xbf, 
0xf0, 0xcf, 0xfe, 0x14, 0xd7, 0xfc, 0x2b, 0xbf, 0xec, 0x3f, 0x0a, 0x5c, 0x78, 0x9f, 0xfb, 0x4b, 
0xfe, 0x12, 0xdf, 0xed, 0x7f, 0x3f, 0xca, 0xbc, 0xb3, 0xb6, 0xf2, 0x3c, 0xaf, 0xb1, 0x41, 0xb7, 
0x3f, 0x6b, 0xdd, 0xbf, 0x79, 0xc7, 0x97, 0x8d, 0xa7, 0x76, 0x41, 0xff, 0x00, 0x05, 0xab, 0xff, 
0x00, 0x83, 0x6f, 0x7f, 0xe1, 0xf0, 0x7f, 0xb5, 0x3e, 0x81, 0xf1, 0x33, 0xfe, 0x17, 0x2f, 0xfc, 
0x2b, 0xbf, 0xec, 0x3f, 0x0a, 0x5b, 0xf8, 0x63, 0xfb, 0x37, 0xfe, 0x11, 0x2f, 0xed, 0x7f, 0x3f, 
0xca, 0xbc, 0xbc, 0xb9, 0xf3, 0xfc, 0xdf, 0xb6, 0xc1, 0xb7, 0x3f, 0x6b, 0xdb, 0xb3, 0x61, 0xc7, 
0x97, 0x9d, 0xc7, 0x76, 0x00, 0x07, 0x80, 0x7f, 0xc1, 0x05, 0x7f, 0xe0, 0xbd, 0x5f, 0xb2, 0x77, 
0xec, 0x5d, 0xff, 0x00, 0x04, 0x9e, 0xf8, 0x53, 0xf0, 0xcf, 0xe2, 0x5f, 0xc5, 0x6f, 0xf8, 0x46, 
0xbc, 0x6d, 0xe1, 0xaf, 0xed, 0x7f, 0xed, 0x2d, 0x37, 0xfe, 0x11, 0x9d, 0x62, 0xf3, 0xec, 0xde, 
0x7e, 0xb1, 0x7d, 0x73, 0x17, 0xef, 0x6d, 0xed, 0x24, 0x89, 0xb7, 0x43, 0x34, 0x6d, 0xf2, 0xb9, 
0xc6, 0xec, 0x1c, 0x10, 0x40, 0xfd, 0x3f, 0xff, 0x00, 0x82, 0xb1, 0x7f, 0xca, 0x2c, 0xbf, 0x69, 
0x6f, 0xfb, 0x25, 0x5e, 0x28, 0xff, 0x00, 0xd3, 0x45, 0xd5, 0x7e, 0x40, 0x7f, 0xc4, 0x0c, 0x7f, 
0xf5, 0x74, 0x5f, 0xf9, 0x8d, 0xff, 0x00, 0xfb, 0xe9, 0x5f, 0xb7, 0xdf, 0xb5, 0x8f, 0xc0, 0xbf, 
0xf8, 0x6a, 0x0f, 0xd9, 0x63, 0xe2, 0x5f, 0xc3, 0x3f, 0xed, 0x4f, 0xec, 0x3f, 0xf8, 0x58, 0x9e, 
0x14, 0xd5, 0x3c, 0x31, 0xfd, 0xa5, 0xf6, 0x6f, 0xb4, 0xff, 0x00, 0x67, 0xfd, 0xb6, 0xce, 0x5b, 
0x6f, 0x3f, 0xca, 0xde, 0x9e, 0x66, 0xcf, 0x37, 0x76, 0xcd, 0xeb, 0xbb, 0x6e, 0x37, 0x2e, 0x72, 
0x00, 0x3f, 0x94, 0x2f, 0xf8, 0x35, 0xc7, 0xfe, 0x53, 0xaf, 0xf0, 0x33, 0xfe, 0xe3, 0xff, 0x00, 
0xfa, 0x8f, 0x6a, 0x75, 0xf7, 0xff, 0x00, 0xfc, 0x1f, 0x39, 0xff, 0x00, 0x36, 0xbb, 0xff, 0x00, 
0x73, 0x5f, 0xfe, 0xe1, 0x68, 0xff, 0x00, 0x87, 0x18, 0xff, 0x00, 0xc4, 0x35, 0xff, 0x00, 0xf1, 
0x9a, 0xdf, 0xf0, 0xb4, 0x7f, 0xe1, 0x74, 0x7f, 0xc2, 0x97, 0xff, 0x00, 0x99, 0x37, 0xfe, 0x11, 
0xbf, 0xf8, 0x47, 0x3f, 0xb6, 0x3f, 0xb5, 0x3f, 0xe2, 0x4d, 0xff, 0x00, 0x1f, 0xdf, 0x6a, 0xbb, 
0xf2, 0x7c, 0xaf, 0xed, 0x1f, 0x3b, 0xfe, 0x3d, 0xdf, 0x7f, 0x93, 0xb3, 0xe5, 0xdf, 0xbd, 0x4f, 
0xf9, 0x5d, 0x1b, 0xfe, 0xad, 0xb3, 0xfe, 0x19, 0xb3, 0xfe, 0xe7, 0x1f, 0xf8, 0x48, 0xbf, 0xb7, 
0x3f, 0xf0, 0x03, 0xec, 0xde, 0x47, 0xf6, 0x3f, 0xfd, 0x35, 0xf3, 0x3e, 0xd1, 0xfc, 0x1e, 0x5f, 
0xce, 0x01, 0xf4, 0x07, 0xfc, 0x19, 0x53, 0xff, 0x00, 0x28, 0xb2, 0xf1, 0xf7, 0xfd, 0x95, 0x5d, 
0x47, 0xff, 0x00, 0x4d, 0x1a, 0x3d, 0x15, 0xf5, 0xff, 0x00, 0xfc, 0x11, 0x53, 0xfe, 0x09, 0x49, 
0xff, 0x00, 0x0e, 0x7c, 0xfd, 0x96, 0x35, 0xff, 0x00, 0x86, 0x7f, 0xf0, 0x9e, 0xff, 0x00, 0xc2, 
0xc4, 0xfe, 0xdc, 0xf1, 0x5d, 0xc7, 0x89, 0xff, 0x00, 0xb4, 0xbf, 0xb1, 0x3f, 0xb2, 0x3c, 0x8f, 
0x36, 0xce, 0xce, 0xdb, 0xc8, 0xf2, 0xbe, 0xd1, 0x3e, 0xec, 0x7d, 0x93, 0x76, 0xfd, 0xe3, 0x3e, 
0x66, 0x36, 0x8d, 0xb9, 0x25, 0x00, 0x41, 0xff, 0x00, 0x05, 0x1d, 0xff, 0x00, 0x82, 0x1a, 0x7c, 
0x0f, 0xff, 0x00, 0x82, 0xa6, 0x7c, 0x52, 0xd0, 0xfc, 0x5f, 0xf1, 0x4c, 0x78, 0xc2, 0x4d, 0x53, 
0xc3, 0xba, 0x50, 0xd1, 0xec, 0xd7, 0x49, 0xd5, 0x56, 0xce, 0x15, 0x87, 0xce, 0x92, 0x62, 0x59, 
0x7c, 0xb6, 0x25, 0x8b, 0x48, 0x79, 0xce, 0x30, 0x07, 0x03, 0x9c, 0xfc, 0xf1, 0xff, 0x00, 0x10, 
0x7b, 0xfe, 0xc7, 0xdf, 0xf3, 0xc3, 0xe2, 0x77, 0xfe, 0x14, 0xa3, 0xff, 0x00, 0x8c, 0xd1, 0x45, 
0x00, 0x1f, 0xf1, 0x07, 0xbf, 0xec, 0x7d, 0xff, 0x00, 0x3c, 0x3e, 0x27, 0x7f, 0xe1, 0x4a, 0x3f, 
0xf8, 0xcd, 0x1f, 0xf1, 0x07, 0xbf, 0xec, 0x7d, 0xff, 0x00, 0x3c, 0x3e, 0x27, 0x7f, 0xe1, 0x4a, 
0x3f, 0xf8, 0xcd, 0x14, 0x50, 0x01, 0xff, 0x00, 0x10, 0x7b, 0xfe, 0xc7, 0xdf, 0xf3, 0xc3, 0xe2, 
0x77, 0xfe, 0x14, 0xa3, 0xff, 0x00, 0x8c, 0xd1, 0xff, 0x00, 0x10, 0x7b, 0xfe, 0xc7, 0xdf, 0xf3, 
0xc3, 0xe2, 0x77, 0xfe, 0x14, 0xa3, 0xff, 0x00, 0x8c, 0xd1, 0x45, 0x00, 0x7e, 0x8d, 0xfe, 0xcf, 
0x3f, 0x03, 0x34, 0x3f, 0xd9, 0x8f, 0xe0, 0x57, 0x84, 0x3e, 0x1d, 0xf8, 0x67, 0xed, 0x9f, 0xf0, 
0x8e, 0xf8, 0x23, 0x49, 0xb6, 0xd1, 0x74, 0xdf, 0xb5, 0xcb, 0xe6, 0xce, 0x2d, 0xe0, 0x8d, 0x63, 
0x8c, 0x3b, 0xe0, 0x6e, 0x6d, 0xaa, 0x32, 0x70, 0x33, 0x5f, 0x96, 0x7f, 0xf1, 0x05, 0x4f, 0xec, 
0xb1, 0xff, 0x00, 0x43, 0xf7, 0xed, 0x01, 0xff, 0x00, 0x83, 0xcd, 0x23, 0xff, 0x00, 0x95, 0x94, 
0x51, 0x40, 0x07, 0xfc, 0x41, 0x53, 0xfb, 0x2c, 0x7f, 0xd0, 0xfd, 0xfb, 0x40, 0x7f, 0xe0, 0xf3, 
0x48, 0xff, 0x00, 0xe5, 0x65, 0x1f, 0xf1, 0x05, 0x4f, 0xec, 0xb1, 0xff, 0x00, 0x43, 0xf7, 0xed, 
0x01, 0xff, 0x00, 0x83, 0xcd, 0x23, 0xff, 0x00, 0x95, 0x94, 0x51, 0x40, 0x07, 0xfc, 0x41, 0x53, 
0xfb, 0x2c, 0x7f, 0xd0, 0xfd, 0xfb, 0x40, 0x7f, 0xe0, 0xf3, 0x48, 0xff, 0x00, 0xe5, 0x65, 0x1f, 
0xf1, 0x05, 0x4f, 0xec, 0xb1, 0xff, 0x00, 0x43, 0xf7, 0xed, 0x01, 0xff, 0x00, 0x83, 0xcd, 0x23, 
0xff, 0x00, 0x95, 0x94, 0x51, 0x40, 0x1e, 0xbf, 0xfb, 0x05, 0x7f, 0xc1, 0xaf, 0xdf, 0x00, 0xbf, 
0xe0, 0x9d, 0xbf, 0xb5, 0x8f, 0x85, 0x3e, 0x31, 0xf8, 0x2b, 0xc5, 0xff, 0x00, 0x18, 0x35, 0x4f, 
0x13, 0xf8, 0x3f, 0xed, 0x9f, 0x62, 0xb5, 0xd6, 0xf5, 0x5d, 0x3a, 0x7b, 0x09, 0x7e, 0xd3, 0x67, 
0x3d, 0x9c, 0x9e, 0x62, 0x43, 0x63, 0x14, 0x87, 0x11, 0xdc, 0x39, 0x1b, 0x64, 0x5c, 0x30, 0x52, 
0x72, 0x32, 0x0f, 0xe8, 0xfd, 0x14, 0x50, 0x07, 0xc2, 0x1f, 0xf0, 0x54, 0x0f, 0xf8, 0x37, 0xa7, 
0xe0, 0xbf, 0xfc, 0x15, 0x9b, 0xe3, 0xee, 0x91, 0xf1, 0x1b, 0xe2, 0x37, 0x89, 0xfe, 0x28, 0x68, 
0xba, 0xde, 0x8b, 0xe1, 0xf8, 0x7c, 0x37, 0x04, 0x1e, 0x1b, 0xd4, 0x6c, 0x6d, 0xad, 0x5e, 0xde, 
0x2b, 0x9b, 0x9b, 0x85, 0x76, 0x59, 0xec, 0xe6, 0x73, 0x21, 0x7b, 0xa9, 0x01, 0x21, 0xc0, 0xc0, 
0x5f, 0x94, 0x10, 0x49, 0xfa, 0x3f, 0xf6, 0x0a, 0xfd, 0x8a, 0x7c, 0x2b, 0xff, 0x00, 0x04, 0xed, 
0xfd, 0x93, 0xbc, 0x29, 0xf0, 0x73, 0xc1, 0x5a, 0x87, 0x88, 0x35, 0x4f, 0x0c, 0x78, 0x3f, 0xed, 
0x9f, 0x62, 0xba, 0xd6, 0xe7, 0x86, 0x7b, 0xf9, 0x7e, 0xd3, 0x79, 0x3d, 0xe4, 0x9e, 0x63, 0xc3, 
0x14, 0x51, 0x9c, 0x49, 0x70, 0xe0, 0x6d, 0x8d, 0x70, 0xa1, 0x41, 0xc9, 0xc9, 0x25, 0x14, 0x01, 
0xd8, 0x7e, 0xd0, 0xbf, 0x05, 0x34, 0xaf, 0xda, 0x53, 0xe0, 0x17, 0x8e, 0x3e, 0x1c, 0xeb, 0xb7, 
0x1a, 0x85, 0xa6, 0x89, 0xe3, 0xff, 0x00, 0x0f, 0xdf, 0xf8, 0x6f, 0x50, 0x9e, 0xc1, 0xd2, 0x3b, 
0xa8, 0x6d, 0xef, 0x2d, 0xa4, 0xb7, 0x95, 0xe2, 0x67, 0x57, 0x45, 0x90, 0x24, 0x8c, 0x54, 0xb2, 
0x30, 0x04, 0x0c, 0xa9, 0x1c, 0x57, 0xe5, 0x8f, 0xfc, 0x41, 0x53, 0xfb, 0x2c, 0x7f, 0xd0, 0xfd, 
0xfb, 0x40, 0x7f, 0xe0, 0xf3, 0x48, 0xff, 0x00, 0xe5, 0x65, 0x14, 0x50, 0x07, 0xd1, 0xff, 0x00, 
0xf0, 0x4b, 0xff, 0x00, 0xf8, 0x37, 0xa7, 0xe0, 0xbf, 0xfc, 0x12, 0x67, 0xe3, 0xee, 0xaf, 0xf1, 
0x1b, 0xe1, 0xcf, 0x89, 0xfe, 0x28, 0x6b, 0x5a, 0xde, 0xb5, 0xe1, 0xf9, 0xbc, 0x37, 0x3c, 0x1e, 
0x24, 0xd4, 0x6c, 0x6e, 0x6d, 0x52, 0xde, 0x5b, 0x9b, 0x6b, 0x86, 0x75, 0x58, 0x2c, 0xe1, 0x71, 
0x20, 0x7b, 0x58, 0xc0, 0x25, 0xc8, 0xc1, 0x6f, 0x94, 0x92, 0x08, 0xfb, 0xbe, 0x8a, 0x28, 0x00, 
0xa2, 0x8a, 0x28, 0x03, 0xc7, 0xff, 0x00, 0x6f, 0x5f, 0xd8, 0xa7, 0xc2, 0xbf, 0xf0, 0x51, 0x2f, 
0xd9, 0x3b, 0xc5, 0x7f, 0x07, 0x3c, 0x6b, 0xa8, 0x78, 0x83, 0x4b, 0xf0, 0xc7, 0x8c, 0x3e, 0xc7, 
0xf6, 0xdb, 0xad, 0x12, 0x78, 0x60, 0xbf, 0x8b, 0xec, 0xd7, 0x90, 0x5e, 0x47, 0xe5, 0xbc, 0xd1, 
0x4b, 0x18, 0xcc, 0x96, 0xe8, 0x0e, 0xe8, 0xdb, 0x2a, 0x58, 0x0c, 0x1c, 0x11, 0xe4, 0x1f, 0xf0, 
0x4a, 0x4f, 0xf8, 0x22, 0xa7, 0xc2, 0xcf, 0xf8, 0x23, 0xe7, 0xfc, 0x27, 0xbf, 0xf0, 0xac, 0xf5, 
0xff, 0x00, 0x88, 0x1a, 0xe7, 0xfc, 0x2c, 0x4f, 0xec, 0xff, 0x00, 0xed, 0x2f, 0xf8, 0x49, 0xef, 
0xac, 0xee, 0x7c, 0x8f, 0xb1, 0x7d, 0xab, 0xca, 0xf2, 0x7e, 0xcf, 0x6d, 0x06, 0xdc, 0xfd, 0xae, 
0x4d, 0xdb, 0xb7, 0x67, 0x6a, 0x63, 0x6e, 0x0e, 0x4a, 0x28, 0x03, 0xeb, 0xfa, 0x28, 0xa2, 0x80, 
0x3f, 0xff, 0xd9
};
